scientific_name,native_provinces
Abies amabilis,BC
Abies balsamea,AB|MB|NB|NS|ON|PE|PM|QC|SK
Abies bifolia,AB|BC|NT|YT
Abies grandis,BC
Abies lasiocarpa,BC|YT
Abronia latifolia,BC
Abronia umbellata,BC
Acalypha rhomboidea,NB|ON|QC
Acer circinatum,BC
Acer glabrum,AB|BC
Acer macrophyllum,BC
Acer negundo,AB|MB|ON|SK
Acer nigrum,ON|QC
Acer nigrum × Acer saccharum,QC
Acer pensylvanicum,NB|NS|ON|PE|QC
Acer rubrum,NB|NS|ON|PE|QC
Acer saccharinum,NB|ON|QC
Acer saccharum,NB|NS|ON|PE|QC
Acer spicatum,MB|NB|NS|ON|PE|PM|QC|SK
Acer ×freemanii,ON
Achillea alpina,AB|BC|MB|NT|ON|QC|SK|YT
Achillea borealis,AB|BC|MB|NB|NS|NT|NU|ON|PE|PM|QC|SK|YT
Achillea millefolium,SK
Achlys californica,BC
Achlys triphylla,BC
Acmispon americanus,BC|MB|SK
Acmispon denticulatus,BC
Acmispon parviflorus,BC
Aconitum columbianum,BC
Aconitum delphiniifolium,AB|BC|NT|YT
Acorus americanus,AB|BC|MB|NB|NS|NT|ON|PE|QC|SK
Actaea elata,BC
Actaea pachypoda,NB|NS|ON|PE|QC
Actaea racemosa,ON
Actaea rubra,AB|BC|MB|NB|NS|NT|NU|ON|PE|QC|SK|YT
Actaea ×ludovici,ON|QC
Adenocaulon bicolor,AB|BC|ON
Adiantum aleuticum,AB|BC|QC
Adiantum capillus-veneris,BC
Adiantum pedatum,NB|NS|ON|QC
Adiantum viridimontanum,QC
Adlumia fungosa,MB|NB|NS|ON|QC
Adoxa moschatellina,AB|BC|MB|NT|ON|SK|YT
Aesculus glabra,ON
Agalinis aspera,MB
Agalinis gattingeri,MB|ON
Agalinis maritima,NS
Agalinis neoscotica,NB|NS
Agalinis purpurea,MB|NB|NS|ON|QC
Agalinis skinneriana,ON
Agalinis tenuifolia,MB|NS|ON|QC
Agastache foeniculum,AB|MB|NT|ON|SK
Agastache nepetoides,ON|QC
Agastache scrophulariifolia,ON
Agastache urticifolia,BC
Ageratina altissima,NB|NS|ON|QC
Agoseris aurantiaca,AB|BC|NT|QC|YT
Agoseris glauca,AB|BC|MB|NT|ON|SK
Agoseris grandiflora,BC
Agoseris heterophylla,BC
Agrimonia gryposepala,BC|MB|NB|NS|ON|PE|QC
Agrimonia parviflora,ON
Agrimonia pubescens,ON|QC
Agrimonia striata,AB|BC|MB|NB|NS|ON|PE|PM|QC|SK
Agrostis clavata,YT
Agrostis exarata,AB|BC|NT|SK|YT
Agrostis hyemalis,ON
Agrostis idahoensis,BC
Agrostis mertensii,AB|BC|MB|NB|NT|NU|ON|QC|SK|YT
Agrostis microphylla,BC
Agrostis oregonensis,BC
Agrostis pallens,BC
Agrostis perennans,NB|NS|ON|PE|QC
Agrostis scabra,AB|BC|MB|NB|NS|NT|NU|ON|PE|PM|QC|SK|YT
Agrostis variabilis,AB|BC
Alchemilla alpina,PM|QC
Alchemilla filicaulis,NB|NS|PM|QC
Alchemilla glomerulans,QC
Aletris farinosa,ON
Alisma gramineum,AB|BC|MB|ON|QC|SK
Alisma subcordatum,NB|ON|QC
Alisma triviale,AB|BC|MB|NB|NS|NT|ON|PE|QC|SK|YT
Allium acuminatum,BC
Allium amplectens,BC
Allium canadense,NB|ON|QC
Allium cernuum,AB|BC|ON|SK
Allium crenulatum,BC
Allium geyeri,AB|BC|SK
Allium schoenoprasum,AB|BC|MB|NB|NS|NT|NU|ON|QC|SK|YT
Allium stellatum,MB|ON|SK
Allium textile,AB|MB|SK
Allium tricoccum,NB|NS|ON|QC
Allotropa virgata,BC
Almutaster pauciflorus,AB|MB|NT|SK
Alnus alnobetula,AB|BC|MB|NB|NS|NT|NU|ON|PE|PM|QC|SK|YT
Alnus incana,AB|BC|MB|NB|NS|NT|NU|ON|PE|PM|QC|SK|YT
Alnus rubra,BC
Alnus serrulata,NB|NS|QC
Alopecurus aequalis,AB|BC|MB|NB|NS|NT|ON|PE|QC|SK|YT
Alopecurus carolinianus,AB|BC|SK
Alopecurus magellanicus,AB|BC|MB|NT|NU|ON|QC|SK|YT
Alopecurus ×haussknechtianus,AB|SK
Amaranthus californicus,AB|SK
Amaranthus tuberculatus,MB|ON|QC
Amauropelta nevadensis,BC
Amauropelta noveboracensis,NB|NS|ON|PE|PM|QC
Ambrosia acanthicarpa,AB|MB|SK
Ambrosia artemisiifolia,AB|MB|ON|SK
Ambrosia chamissonis,BC
Ambrosia psilostachya,MB|ON|QC|SK
Ambrosia trifida,AB|MB|ON|QC|SK
Ambrosia ×helenae,ON|QC
Amelanchier alnifolia,AB|BC|MB|NT|ON|SK|YT
Amelanchier amabilis,ON|QC
Amelanchier arborea,NB|NS|ON|QC
Amelanchier bartramiana,NB|NS|NU|ON|PE|PM|QC
Amelanchier canadensis,NB|NS|PE|QC
Amelanchier cusickii,BC
Amelanchier fernaldii,NB|NS|PE|QC
Amelanchier gaspensis,NB|QC
Amelanchier humilis,MB|ON|QC|SK
Amelanchier interior,NB|NS|ON|PE|QC
Amelanchier intermedia,NB|NS|ON|PE|QC
Amelanchier laevis,NB|NS|ON|PE|PM|QC
Amelanchier nantucketensis,NS
Amelanchier sanguinea,NB|ON|QC|SK
Amelanchier spicata,NB|NS|ON|PE|QC
Amelanchier ×neglecta,NB|NS|ON|QC
Amelanchier ×quinti-martii,NB|ON|QC
Ammannia robusta,BC|ON
Amorpha canescens,MB|ON
Amorpha fruticosa,MB
Amorpha nana,MB
Amphicarpaea bracteata,MB|NB|NS|ON|QC
Amphiscirpus nevadensis,AB|BC|MB|SK
Amsinckia lycopsoides,BC
Amsinckia menziesii,BC
Amsinckia retrorsa,BC
Amsinckia spectabilis,BC
Anaphalis margaritacea,AB|BC|MB|NB|NS|NT|ON|PE|PM|QC|SK|YT
Anchistea virginica,NB|NS|ON|PE|QC
Andersonglossum boreale,AB|BC|MB|NB|NS|ON|QC|SK|YT
Andromeda polifolia,AB|BC|MB|NB|NS|NT|NU|ON|PE|PM|QC|SK|YT
Andropogon gerardi,MB|ON|QC|SK
Andropogon hallii,MB
Andropogon virginicus,ON
Androsace chamaejasme,AB|BC|NT|NU|YT
Androsace occidentalis,AB|BC|MB|ON|SK
Androsace septentrionalis,AB|BC|MB|NT|NU|ON|QC|SK|YT
Anemonastrum canadense,AB|BC|MB|NB|NS|NT|NU|ON|PE|QC|SK
Anemonastrum richardsonii,AB|BC|MB|NT|NU|ON|QC|SK|YT
Anemonastrum sibiricum,AB|BC|NT|YT
Anemonastrum villosissimum,BC
Anemone cylindrica,AB|BC|MB|ON|QC|SK
Anemone drummondii,AB|BC|NT|YT
Anemone lyallii,BC
Anemone multiceps,YT
Anemone multifida,AB|BC|MB|NB|NS|NT|NU|ON|QC|SK|YT
Anemone parviflora,AB|BC|MB|NB|NS|NT|NU|ON|QC|SK|YT
Anemone piperi,BC
Anemone quinquefolia,AB|MB|NB|NS|ON|QC|SK
Anemone virginiana,AB|BC|MB|NB|NS|ON|QC|SK
Angelica arguta,AB|BC
Angelica atropurpurea,NB|NS|NU|ON|PE|QC
Angelica dawsonii,AB|BC
Angelica genuflexa,AB|BC
Angelica lucida,BC|NB|NS|NT|PE|PM|QC|YT
Anisocarpus madioides,BC
Antennaria alpina,AB|BC|NT|NU|QC|YT
Antennaria anaphaloides,AB|BC|SK
Antennaria aromatica,AB
Antennaria corymbosa,AB|BC|SK
Antennaria densifolia,AB|NT|YT
Antennaria dimorpha,AB|BC|SK
Antennaria flagellaris,BC
Antennaria friesiana,NT|NU|QC|YT
Antennaria howellii,AB|BC|MB|NB|NS|NT|ON|PE|PM|QC|SK|YT
Antennaria lanata,AB|BC
Antennaria luzuloides,AB|BC
Antennaria media,AB|BC|NT|YT
Antennaria microphylla,AB|BC|MB|NT|NU|ON|SK|YT
Antennaria monocephala,AB|BC|NT|NU|QC|YT
Antennaria neglecta,AB|BC|MB|NB|NS|NT|ON|QC|SK
Antennaria parlinii,MB|NB|NS|ON|QC
Antennaria parvifolia,AB|BC|MB|ON|SK
Antennaria pulcherrima,AB|BC|MB|NT|NU|ON|QC|SK|YT
Antennaria racemosa,AB|BC
Antennaria rosea,AB|BC|MB|NT|NU|ON|QC|SK|YT
Antennaria umbrinella,AB|BC|SK
Antennaria ×erigeroides,BC
Anthoxanthum arcticum,MB|NT|NU|ON|QC|YT
Anthoxanthum hirtum,AB|BC|MB|NB|NS|NT|NU|ON|PE|PM|QC|SK|YT
Anthoxanthum monticola,AB|BC|MB|NT|NU|ON|PM|QC|YT
Anthoxanthum nitens,NB|NS|ON|PE|PM|QC
Anticlea elegans,AB|BC|MB|NB|NT|ON|QC|SK|YT
Anticlea occidentalis,AB|BC
Aphanes occidentalis,BC
Aphragmus eschscholtzianus,BC|YT
Aphyllon californicum,BC
Aphyllon corymbosum,AB|BC
Aphyllon fasciculatum,AB|BC|MB|ON|SK|YT
Aphyllon franciscanum,BC
Aphyllon ludovicianum,AB|BC|MB|SK
Aphyllon pinorum,BC
Aphyllon purpureum,AB|BC|MB|SK
Aphyllon uniflorum,BC|NB|NS|ON|PE|PM|QC
Apios americana,NB|NS|ON|PE|QC
Aplectrum hyemale,ON|QC
Apocynum androsaemifolium,AB|BC|MB|NB|NS|NT|ON|PE|QC|SK|YT
Apocynum cannabinum,AB|BC|MB|NB|NS|NT|ON|QC|SK
Apocynum ×floribundum,AB|BC|MB|NB|NS|ON|QC|SK
Aquilegia brevistyla,AB|BC|MB|NT|ON|SK|YT
Aquilegia canadensis,MB|ON|QC|SK
Aquilegia flavescens,AB|BC
Aquilegia formosa,AB|BC|YT
Aquilegia jonesii,AB
Aquilegia ×miniana,BC
Arabidopsis arenicola,MB|NT|NU|ON|QC|SK
Arabidopsis lyrata,AB|BC|MB|NT|ON|SK|YT
Arabis adpressipilis,ON
Arabis alpina,MB|NU|ON|QC
Arabis eschscholtziana,AB|BC|YT
Arabis nuttallii,AB|BC|YT
Arabis pycnocarpa,AB|BC|MB|NB|NS|NT|ON|QC|SK|YT
Aralia hispida,MB|NB|NS|ON|PE|QC|SK
Aralia nudicaulis,AB|BC|MB|NB|NS|NT|ON|PE|PM|QC|SK|YT
Aralia racemosa,MB|NB|NS|ON|PE|QC
Arbutus menziesii,BC
Arceuthobium americanum,AB|BC|MB|ON|SK
Arceuthobium campylopodum,BC
Arceuthobium douglasii,BC
Arceuthobium pusillum,MB|NB|NS|ON|PE|QC|SK
Arctagrostis latifolia,AB|BC|MB|NT|NU|ON|QC|YT
Arcteranthis cooleyae,BC
Arctophila fulva,BC|MB|NT|NU|ON|QC|YT
Arctopoa eminens,BC|NU|QC
Arctostaphylos columbiana,BC
Arctostaphylos uva-ursi,AB|BC|MB|NB|NS|NT|NU|ON|PE|PM|QC|SK|YT
Arctostaphylos ×media,BC
Arctous alpina,BC|MB|NT|NU|ON|PM|QC|YT
Arctous rubra,AB|BC|MB|NT|NU|ON|PM|QC|SK|YT
Arenaria humifusa,MB|NS|NT|NU|ON|QC
Arenaria longipedunculata,AB|BC|NT|NU|YT
Arethusa bulbosa,AB|MB|NB|NS|NT|ON|PE|PM|QC|SK
Argentina anserina,AB|BC|MB|NB|NS|NT|NU|ON|PE|PM|QC|SK|YT
Argentina pacifica,BC|NB|NS|PE|QC
Argentina subarctica,AB|MB|NT|SK|YT
Arisaema dracontium,ON|QC
Arisaema stewardsonii,NB|NS|PE|QC
Arisaema triphyllum,MB|NB|NS|ON|PE|QC
Aristida basiramea,ON|QC
Aristida dichotoma,ON
Aristida longespica,ON
Aristida purpurascens,ON
Aristida purpurea,AB|BC|MB|SK
Armeria maritima,BC|MB|NT|NU|ON|QC|SK|YT
Arnica angustifolia,AB|BC|MB|NT|NU|ON|QC|SK|YT
Arnica chamissonis,AB|BC|MB|NT|ON|QC|SK|YT
Arnica cordifolia,AB|BC|MB|NT|ON|SK|YT
Arnica fulgens,AB|BC|MB|SK
Arnica gracilis,AB|BC
Arnica griscomii,BC|NT|NU|QC|YT
Arnica lanceolata,AB|BC|NB|QC|YT
Arnica latifolia,AB|BC|NT|YT
Arnica lessingii,BC|NT|YT
Arnica lonchophylla,AB|BC|MB|NB|NS|NT|NU|ON|QC|SK|YT
Arnica longifolia,AB|BC
Arnica louiseana,AB|BC
Arnica mollis,AB|BC|NT|YT
Arnica ovata,AB|BC|YT
Arnica parryi,AB|BC|YT
Arnica rydbergii,AB|BC
Arnica sororia,AB|BC|SK
Arnoglossum plantagineum,ON
Aronia arbutifolia,NB|NS|ON|PM|QC
Aronia melanocarpa,NB|NS|ON|PE|QC
Aronia ×prunifolia,NB|NS|ON|PE|QC
Artemisia alaskana,BC|NT|YT
Artemisia borealis,AB|BC|NT|NU|ON|SK|YT
Artemisia campestris,AB|BC|MB|NB|NS|NT|NU|ON|PM|QC|SK|YT
Artemisia cana,AB|MB|SK
Artemisia comata,YT
Artemisia douglasiana,BC
Artemisia dracunculus,AB|BC|MB|NT|ON|SK|YT
Artemisia frigida,AB|BC|MB|NT|ON|SK|YT
Artemisia globularia,YT
Artemisia glomerata,YT
Artemisia hyperborea,AB|BC|NT|NU|YT
Artemisia laciniata,YT
Artemisia longifolia,AB|BC|MB|SK
Artemisia ludoviciana,AB|BC|MB|NT|ON|SK
Artemisia michauxiana,AB|BC|SK|YT
Artemisia norvegica,AB|BC|NT|YT
Artemisia suksdorfii,BC
Artemisia tilesii,AB|BC|MB|NT|NU|ON|QC|YT
Artemisia tridentata,AB|BC
Artemisia tripartita,BC
Artemisia woodii,YT
Aruncus dioicus,BC|YT
Asarum canadense,MB|NB|ON|QC
Asarum caudatum,BC
Asclepias exaltata,ON|QC
Asclepias hirtella,ON
Asclepias incarnata,MB|NB|NS|ON|PE|QC
Asclepias lanuginosa,MB
Asclepias ovalifolia,AB|MB|ON|SK
Asclepias purpurascens,ON
Asclepias quadrifolia,ON
Asclepias speciosa,AB|BC|MB|SK
Asclepias speciosa × Asclepias syriaca,MB
Asclepias sullivantii,ON
Asclepias syriaca,MB|NB|NS|ON|QC|SK
Asclepias tuberosa,ON|QC
Asclepias verticillata,MB|ON|SK
Asclepias viridiflora,AB|MB|ON|SK
Asimina triloba,ON
Askellia elegans,AB|BC|MB|NT|YT
Askellia pygmaea,AB|BC|NT|NU|YT
Aspidotis densa,BC|QC
Asplenium adulterinum,BC
Asplenium platyneuron,ON|QC
Asplenium quadrivalens,BC|ON|QC
Asplenium rhizophyllum,ON|QC
Asplenium ruta-muraria,NB|ON|QC
Asplenium scolopendrium,ON
Asplenium trichomanes,BC|NB|NS|ON|QC
Asplenium viride,AB|BC|NB|NS|NT|ON|QC|YT
Aster alpinus,AB|BC|NT|ON|YT
Astragalus agrestis,AB|BC|MB|NT|ON|QC|SK|YT
Astragalus alpinus,AB|BC|MB|NB|NT|NU|ON|QC|SK|YT
Astragalus americanus,AB|BC|MB|NT|ON|QC|SK|YT
Astragalus australis,AB|BC|MB|NT|NU|ON|QC|SK|YT
Astragalus beckwithii,BC
Astragalus bisulcatus,AB|MB|SK
Astragalus bodinii,AB|MB|NT|SK|YT
Astragalus bourgovii,AB|BC
Astragalus canadensis,AB|BC|MB|NT|ON|QC|SK
Astragalus collinus,BC
Astragalus crassicarpus,AB|BC|MB|SK
Astragalus drummondii,AB|BC|SK
Astragalus eucosmus,AB|BC|MB|NB|NT|NU|ON|QC|SK|YT
Astragalus filipes,BC
Astragalus flexuosus,AB|MB|SK
Astragalus gilviflorus,AB|MB|SK
Astragalus gracilis,SK
Astragalus kentrophyta,AB|SK
Astragalus laxmannii,AB|BC|MB|NT|SK|YT
Astragalus lentiginosus,BC
Astragalus lotiflorus,AB|BC|MB|SK
Astragalus microcystis,BC
Astragalus miser,AB|BC
Astragalus missouriensis,AB|BC|MB|SK
Astragalus multiflorus,AB|BC|MB|NT|ON|SK|YT
Astragalus neglectus,MB|ON
Astragalus nutzotinensis,BC|YT
Astragalus pectinatus,AB|MB|SK
Astragalus purshii,AB|BC|SK
Astragalus racemosus,SK
Astragalus robbinsii,AB|BC|NS|YT
Astragalus sclerocarpus,BC
Astragalus spaldingii,BC
Astragalus spatulatus,AB|SK
Astragalus umbellatus,BC|NT|YT
Astragalus vexilliflexus,AB|BC|SK
Astragalus williamsii,YT
Athyrium angustum,MB|NB|NS|ON|PE|PM|QC|SK
Athyrium cyclosorum,AB|BC|MB|NT|ON|QC|SK|YT
Athysanus pusillus,BC
Atriplex argentea,AB|BC|MB|SK
Atriplex canescens,AB
Atriplex dioica,AB|BC|MB|NB|NS|NT|ON|PE|QC|SK|YT
Atriplex gardneri,AB|BC|MB|SK
Atriplex glabriuscula,AB|MB|NB|NS|ON|PE|PM|QC
Atriplex gmelinii,BC|NT|YT
Atriplex powellii,AB|SK
Atriplex prostrata,NB|NS|PE|QC
Atriplex suckleyi,AB|SK
Atriplex truncata,AB|BC|SK
Aureolaria flava,ON
Aureolaria pedicularia,ON
Aureolaria virginica,ON
Avenella flexuosa,NB|NS|NU|ON|PE|PM|QC
Azolla cristata,ON
Azolla filiculoides,BC
Baccharis halimifolia,NS
Bacopa rotundifolia,AB
Balsamorhiza deltoidea,BC
Balsamorhiza sagittata,AB|BC
Baptisia tinctoria,ON
Barbarea orthoceras,AB|BC|MB|NB|NT|NU|ON|QC|SK|YT
Bartonia paniculata,NB|NS|ON|PM
Bartonia virginica,NB|NS|ON|PM|QC
Bartsia alpina,MB|NU|ON|QC
Beckmannia syzigachne,AB|BC|MB|NB|NS|NT|ON|QC|SK|YT
Berula incisa,BC
Betula alleghaniensis,NB|NS|ON|PE|PM|QC
Betula cordifolia,NB|NS|ON|PE|PM|QC
Betula glandulosa,AB|BC|MB|NB|NS|NT|NU|ON|QC|SK|YT
Betula kenaica,YT
Betula lenta,ON
Betula michauxii,NB|NS|PM|QC
Betula minor,NB|NS|ON|QC
Betula murrayana,ON
Betula nana,AB|BC|NT|NU|SK|YT
Betula occidentalis,AB|BC|MB|NT|NU|ON|SK|YT
Betula papyrifera,AB|BC|MB|NB|NS|NT|ON|PE|PM|QC|SK|YT
Betula pendula,AB|BC|MB|NT|NU|ON|SK|YT
Betula populifolia,NB|NS|ON|PE|QC
Betula pumila,AB|BC|MB|NB|NS|NT|NU|ON|PE|PM|QC|SK|YT
Betula ×borggreveana,NB|NS|QC
Betula ×caerulea-grandis,NB|NS|PE|QC
Betula ×commixta,AB|NT|YT
Betula ×dugleana,SK|YT
Betula ×dutillyi,NS|QC
Betula ×eastwoodae,AB|BC|NT|NU|SK|YT
Betula ×hornei,BC
Betula ×purpusii,ON
Betula ×raymundii,QC
Betula ×sandbergii,AB|BC|MB|ON|QC|SK
Betula ×sargentii,AB|BC|MB|NT|ON|QC|SK|YT
Betula ×ungavensis,NS|QC|SK
Betula ×utahensis,AB|BC|SK
Betula ×winteri,AB|BC|MB|NT|SK
Bidens amplissima,BC
Bidens beckii,BC|MB|NB|NS|ON|QC|SK
Bidens cernua,AB|BC|MB|NB|NS|NT|ON|PE|QC|SK|YT
Bidens comosa,AB|BC|NS|ON|PE|QC
Bidens connata,NB|NS|ON|QC
Bidens discoidea,NB|NS|ON|QC
Bidens eatonii,NB|QC
Bidens frondosa,AB|BC|MB|NB|NS|ON|PE|QC|SK
Bidens heterodoxa,PE|QC
Bidens hyperborea,NB|NS|ON|QC
Bidens infirma,QC
Bidens trichosperma,ON
Bidens vulgata,AB|BC|MB|NB|NS|ON|QC|SK
Bistorta bistortoides,AB|BC
Bistorta plumosa,NT|YT
Bistorta vivipara,AB|BC|MB|NB|NS|NT|NU|ON|PM|QC|SK|YT
Blephilia ciliata,ON
Blephilia hirsuta,ON
Blitum capitatum,AB|BC|MB|NB|NS|NT|NU|ON|QC|SK|YT
Blitum nuttallianum,AB|MB|NT|SK|YT
Blysmus rufus,AB|MB|NB|NS|NT|NU|ON|PE|QC|SK|YT
Boechera calderi,AB|BC|NT|YT
Boechera cascadensis,BC
Boechera collinsii,AB|BC|MB|ON|QC|SK
Boechera drepanoloba,AB|BC|YT
Boechera grahamii,AB|BC|MB|NB|NT|ON|QC|SK|YT
Boechera lemmonii,AB|BC|YT
Boechera lyallii,AB|BC|YT
Boechera macounii,BC
Boechera microphylla,BC
Boechera pauciflora,BC|YT
Boechera pendulocarpa,AB|BC|YT
Boechera polyantha,BC
Boechera quebecensis,QC
Boechera retrofracta,AB|BC|MB|NT|ON|QC|SK|YT
Boechera sparsiflora,BC
Boechera stricta,AB|BC|MB|NB|NS|NT|ON|QC|SK|YT
Boehmeria cylindrica,NB|NS|ON|QC
Bolboschoenus fluviatilis,AB|BC|MB|NB|ON|QC|SK
Bolboschoenus maritimus,AB|BC|MB|NB|NS|NT|NU|ON|PE|PM|QC|SK
Bolboschoenus maritimus × Bolboschoenus robustus,NS
Boltonia asteroides,MB|SK
Borodinia canadensis,ON|QC
Borodinia dentata,ON
Borodinia laevigata,ON|QC
Boschniakia rossica,AB|BC|NT|YT
Botrychium alaskense,BC|YT
Botrychium ascendens,AB|BC|ON|QC|SK|YT
Botrychium campestre,AB|BC|NB|ON|QC|SK|YT
Botrychium crenulatum,AB|BC|ON
Botrychium hesperium,AB|BC|SK|YT
Botrychium lanceolatum,AB|BC|NB|NS|ON|PE|PM|QC|SK|YT
Botrychium matricariifolium,AB|MB|NB|NS|ON|PE|PM|QC
Botrychium michiganense,AB|BC|NB|ON|QC|SK
Botrychium minganense,AB|BC|MB|NB|NS|NT|NU|ON|PM|QC|SK|YT
Botrychium montanum,BC
Botrychium mormo,ON|QC
Botrychium neolunaria,AB|BC|MB|NS|NT|ON|PM|QC|SK|YT
Botrychium onondagense,AB|BC|MB|NS|NT|NU|ON|PM|QC|SK|YT
Botrychium pallidum,AB|BC|MB|ON|QC|SK
Botrychium paradoxum,AB|BC|SK
Botrychium pedunculosum,AB|BC|QC|SK
Botrychium pinnatum,AB|BC|MB|NT|QC|SK|YT
Botrychium pseudopinnatum,ON
Botrychium simplex,AB|BC|NB|NS|ON|PE|QC
Botrychium spathulatum,AB|BC|NS|NT|ON|QC|YT
Botrychium tenebrosum,NB|ON|QC
Botrychium tunux,AB|BC|NU|ON|YT
Botrychium yaaxudakeit,AB|BC|ON|YT
Botrychium ×watertonense,AB
Botrypus virginianus,AB|BC|MB|NB|NS|NT|NU|ON|PE|QC|SK|YT
Bouteloua curtipendula,AB|MB|ON|SK
Bouteloua dactyloides,MB|SK
Bouteloua gracilis,AB|BC|MB|SK
Boykinia occidentalis,BC
Boykinia richardsonii,YT
Brachyelytrum aristosum,NB|NS|ON|PE|PM|QC
Brachyelytrum erectum,ON|QC
Brasenia schreberi,AB|BC|MB|NB|NS|ON|QC
Braya glabella,AB|BC|NT|NU|QC|YT
Braya humilis,AB|BC|MB|NT|NU|ON|QC|YT
Braya linearis,QC
Braya pilosa,NT
Braya purpurascens,AB|BC|NT|NU|YT
Braya thorild-wulffii,NT|NU
Brewerimitella breweri,AB|BC
Brewerimitella ovalis,BC
Brickellia grandiflora,AB|BC
Brickellia oblongifolia,BC
Brodiaea coronaria,BC
Bromus ciliatus,AB|BC|MB|NB|NS|NT|ON|PE|PM|QC|SK|YT
Bromus kalmii,MB|ON|QC
Bromus latiglumis,AB|BC|MB|NB|ON|QC|SK
Bromus nottowayanus,ON
Bromus pacificus,BC
Bromus porteri,AB|BC|MB|SK
Bromus pubescens,MB|ON|QC
Bromus pumpellianus,AB|BC|MB|NT|NU|ON|SK|YT
Bromus richardsonii,AB|BC|SK|YT
Bromus sitchensis,AB|BC|SK
Bromus vulgaris,AB|BC
Buchnera americana,ON
Bulbostylis capillaris,BC|NB|NS|ON|QC
Bupleurum americanum,AB|NT|YT
Bupleurum arcticum,NT|NU|YT
Cacaliopsis nardosmia,BC
Cakile edentula,NB|NS|ON|PE|PM|QC
Calamagrostis breviligulata,NB|NS|ON|PE|PM|QC
Calamagrostis canadensis,AB|BC|MB|NB|NS|NT|NU|ON|PE|PM|QC|SK|YT
Calamagrostis deschampsioides,MB|NT|NU|ON|QC|YT
Calamagrostis holmii,NT|YT
Calamagrostis lapponica,AB|BC|MB|NT|NU|ON|QC|SK|YT
Calamagrostis montanensis,AB|BC|MB|SK
Calamagrostis nutkaensis,BC
Calamagrostis pickeringii,NB|NS|PM|QC
Calamagrostis purpurascens,AB|BC|MB|NT|NU|ON|QC|SK|YT
Calamagrostis rubescens,AB|BC|MB|SK
Calamagrostis sesquiflora,BC
Calamagrostis stricta,AB|BC|MB|NB|NS|NT|NU|ON|PE|PM|QC|SK|YT
Calandrinia ciliata,BC
Calla palustris,AB|BC|MB|NB|NS|NT|ON|PE|QC|SK|YT
Callitriche hermaphroditica,AB|BC|MB|NB|NS|NT|ON|QC|SK|YT
Callitriche heterophylla,BC|MB|NB|NS|ON|PM|QC|YT
Callitriche marginata,BC
Callitriche palustris,AB|BC|MB|NB|NS|NT|NU|ON|PE|PM|QC|SK|YT
Callitriche stenoptera,AB|BC|ON|SK
Callitriche terrestris,NB
Callitropsis nootkatensis,BC
Calochortus apiculatus,AB|BC
Calochortus lyallii,BC
Calochortus macrocarpus,BC
Calopogon tuberosus,MB|NB|NS|ON|PE|PM|QC
Caltha biflora,BC
Caltha leptosepala,AB|BC|YT
Caltha natans,AB|BC|MB|NT|NU|ON|SK|YT
Caltha palustris,AB|BC|MB|NB|NS|NT|NU|ON|PE|QC|SK|YT
Calypso bulbosa,AB|BC|MB|NB|NS|NT|NU|ON|QC|SK|YT
Calystegia macounii,AB|MB|SK
Calystegia sepium,AB|BC|MB|NB|NS|ON|PE|QC|SK
Calystegia soldanella,BC
Calystegia spithamaea,ON|QC
Camassia leichtlinii,BC
Camassia quamash,AB|BC
Camassia scilloides,ON
Camissonia contorta,BC
Campanula aurita,BC|NT|YT
Campanula lasiocarpa,AB|BC|NT|YT
Campanula parryi,AB
Campanula rotundifolia,AB|BC|MB|NB|NS|NT|NU|ON|PE|PM|QC|SK|YT
Campanula scouleri,BC
Campanulastrum americanum,ON
Campsis radicans,ON
Canadanthus modestus,AB|BC|MB|NB|NT|ON|QC|SK|YT
Capnoides sempervirens,AB|BC|MB|NB|NS|NT|NU|ON|PE|QC|SK|YT
Cardamine angulata,BC
Cardamine bellidifolia,AB|BC|NT|NU|QC|YT
Cardamine breweri,BC
Cardamine bulbosa,MB|ON|QC
Cardamine concatenata,NB|ON|QC
Cardamine cordifolia,BC
Cardamine dentata,AB|NS|ON
Cardamine digitata,NT|NU|YT
Cardamine diphylla,NB|NS|ON|PE|QC
Cardamine douglassii,ON
Cardamine maxima,NB|NS|ON|QC
Cardamine microphylla,NT|YT
Cardamine nuttallii,BC
Cardamine occidentalis,BC
Cardamine oligosperma,BC
Cardamine parviflora,AB|BC|MB|NB|NS|NT|ON|QC|SK
Cardamine pensylvanica,AB|BC|MB|NB|NS|NT|ON|PE|PM|QC|SK|YT
Cardamine polemonioides,AB|BC|MB|NT|NU|ON|QC|SK|YT
Cardamine purpurea,YT
Cardamine umbellata,AB|BC|NT|YT
Cardionema ramosissimum,BC
Carex adelostoma,MB|NT|NU|QC
Carex adusta,AB|BC|MB|NB|NS|ON|QC|SK
Carex adusta × Carex foenea,SK
Carex aggregata,ON
Carex alascana,AB|BC|MB|NB|NS|NT|NU|ON|PM|QC|SK|YT
Carex alata,ON
Carex albicans,NS|ON
Carex albonigra,AB|BC|NT|YT
Carex albursina,ON|QC
Carex alopecoidea,MB|NS|ON|QC|SK
Carex amphibola,ON
Carex amplifolia,BC
Carex annectens,NB|ON|QC
Carex anthoxanthea,BC|YT
Carex aperta,AB|BC
Carex appalachica,ON|QC
Carex aquatilis,AB|BC|MB|NB|NS|NT|NU|ON|PE|PM|QC|SK|YT
Carex aquatilis var. aquatilis × Carex stricta,MB|QC
Carex aquatilis var. dives × Carex kelloggii var. kelloggii,BC
Carex aquatilis var. dives × Carex lyngbyei,BC
Carex arcta,AB|BC|MB|NB|NT|ON|QC|SK|YT
Carex arctata,MB|NB|NS|ON|PE|PM|QC
Carex arctiformis,BC
Carex arctogena,AB|BC|MB|NT|NU|ON|QC|SK|YT
Carex argyrantha,NS|ON|QC
Carex assiniboinensis,MB|ON|SK
Carex atherodes,AB|BC|MB|NT|ON|QC|SK|YT
Carex athrostachya,AB|BC|MB|SK
Carex atlantica,NS|ON|PE|QC
Carex atratiformis,AB|BC|MB|NB|NS|NT|ON|QC|YT
Carex atrofusca,MB|NT|NU|ON|QC|YT
Carex atrosquama,AB|BC|NT|YT
Carex atrosquama × Carex media,YT
Carex aurea,AB|BC|MB|NB|NS|NT|NU|ON|PE|QC|SK|YT
Carex backii,AB|BC|MB|NB|ON|QC|SK
Carex baileyi,QC
Carex bebbii,AB|BC|MB|NB|NS|NT|ON|PE|PM|QC|SK|YT
Carex bebbii × Carex cristatella,SK
Carex bicknellii,MB|ON
Carex bicolor,AB|BC|MB|NT|NU|ON|QC|SK|YT
Carex bigelowii,BC|MB|NB|NT|NU|ON|QC|SK|YT
Carex bigelowii subsp. bigelowii × Carex ×subsalina,QC
Carex bigelowii subsp. lugens × Carex scopulorum,YT
Carex billingsii,NB|NS|ON|PE|QC
Carex blanda,MB|ON|QC
Carex bolanderi,BC
Carex bonanzensis,NT|YT
Carex borealipolaris,AB|BC|NT|NU|YT
Carex brevior,AB|BC|MB|NB|ON|QC|SK
Carex brevior × Carex foenea,SK
Carex bromoides,NB|NS|ON|QC
Carex brunnescens,AB|BC|MB|NB|NS|NT|NU|ON|PE|QC|SK|YT
Carex brunnescens subsp. brunnescens × Carex canescens subsp. canescens,NB
Carex bullata,NS
Carex buxbaumii,AB|BC|MB|NB|NS|NT|ON|PE|PM|QC|SK|YT
Carex buxbaumii × Carex stricta,NB
Carex canescens,AB|BC|MB|NB|NS|NT|NU|ON|PE|QC|SK|YT
Carex canescens subsp. canescens × Carex praeceptorum,BC
Carex canescens subsp. canescens × Carex trisperma,NB
Carex capillaris,AB|BC|MB|NB|NS|NT|NU|ON|PM|QC|SK|YT
Carex capitata,AB|BC|MB|NT|NU|ON|QC|SK|YT
Carex careyana,ON
Carex castanea,MB|NB|NS|ON|QC
Carex castanea × Carex debilis,ON
Carex cephaloidea,NB|ON|QC
Carex cephalophora,ON|QC
Carex chordorrhiza,AB|BC|MB|NB|NT|NU|ON|PE|PM|QC|SK|YT
Carex circinata,BC
Carex communis,NB|NS|ON|QC
Carex comosa,BC|NB|NS|ON|QC
Carex concinna,AB|BC|MB|NB|NT|NU|ON|QC|SK|YT
Carex concinnoides,AB|BC
Carex conoidea,MB|NB|NS|ON|PM|QC
Carex cordillerana,AB|BC
Carex crawei,AB|BC|MB|NB|ON|QC|SK
Carex crawfordii,AB|BC|MB|NB|NS|NT|ON|PE|PM|QC|SK|YT
Carex crinita,MB|NB|NS|ON|PE|QC
Carex crinita var. crinita × Carex lenticularis,NB
Carex crinita × Carex gynandra,QC
Carex cristatella,MB|ON|QC|SK
Carex crus-corvi,ON
Carex cryptolepis,MB|NB|NS|ON|QC|SK
Carex cumulata,MB|NB|NS|ON|PE|QC
Carex cumulata × Carex foenea,NS
Carex cumulata × Carex scoparia,NS
Carex cusickii,BC
Carex davisii,ON
Carex debilis,NB|NS|ON|PE|PM|QC
Carex deflexa,AB|BC|MB|NB|NS|NT|NU|ON|PE|PM|QC|SK|YT
Carex deweyana,AB|BC|MB|NB|NS|NT|ON|PE|QC|SK|YT
Carex diandra,AB|BC|MB|NB|NS|NT|NU|ON|PE|PM|QC|SK|YT
Carex digitalis,NS|ON|QC
Carex disperma,AB|BC|MB|NB|NS|NT|NU|ON|PE|PM|QC|SK|YT
Carex douglasii,AB|BC|MB|SK
Carex duriuscula,AB|BC|MB|NT|ON|SK|YT
Carex eburnea,AB|BC|MB|NB|NS|NT|ON|QC|SK|YT
Carex echinata,AB|BC|NB|NS|ON|PE|PM|QC|SK
Carex echinata subsp. echinata × Carex exilis,ON|QC
Carex echinodes,MB|ON|QC|SK
Carex eleusinoides,NT|YT
Carex emoryi,MB|ON
Carex enanderi,AB|BC|YT
Carex engelmannii,BC
Carex epapillosa,AB|BC
Carex exilis,NB|NS|ON|PM|QC
Carex exsiccata,BC
Carex exsiccata × Carex rostrata,BC
Carex festucacea,ON
Carex feta,BC
Carex filifolia,AB|BC|MB|NT|SK|YT
Carex flava,AB|BC|MB|NB|NS|NU|ON|PE|PM|QC|YT
Carex foenea,AB|BC|MB|NB|NS|NT|NU|ON|PE|QC|SK|YT
Carex foenea × Carex praticola,SK
Carex foenea × Carex tenera var. tenera,SK
Carex foenea × Carex xerantica,SK
Carex folliculata,NB|NS|ON|PE|PM|QC
Carex formosa,ON|QC
Carex frankii,ON
Carex fuliginosa,AB|BC|MB|NT|NU|ON|QC|YT
Carex garberi,AB|BC|MB|NB|NT|NU|ON|QC|SK|YT
Carex geyeri,AB|BC
Carex glacialis,AB|BC|MB|NT|NU|ON|QC|SK|YT
Carex glareosa,BC|MB|NB|NT|NU|ON|PM|QC|YT
Carex glaucodea,ON
Carex gmelinii,BC
Carex gracilescens,ON
Carex gracillima,MB|NB|NS|ON|PE|PM|QC
Carex granularis,MB|NB|NS|ON|QC|SK
Carex gravida,MB|ON|SK
Carex grayi,ON|QC
Carex grisea,NB|ON|QC
Carex gynandra,NB|NS|ON|PE|PM|QC
Carex hallii,MB
Carex hassei,BC
Carex haydeniana,AB|BC
Carex haydenii,NB|ON|QC
Carex heleonastes,AB|BC|MB|NT|ON|QC|SK|YT
Carex hendersonii,BC
Carex heteroneura,AB|BC
Carex hirsutella,ON|QC
Carex hirtifolia,NB|NS|ON|QC
Carex hitchcockiana,ON|QC
Carex holostoma,NT|NU|QC|YT
Carex hoodii,AB|BC|NT|SK|YT
Carex hookeriana,AB|MB|SK
Carex hormathodes,NB|NS|PE|PM|QC
Carex hostiana,PM|QC
Carex houghtoniana,AB|MB|NB|NS|ON|QC|SK
Carex hyalinolepis,ON
Carex hystericina,AB|BC|MB|NB|NS|ON|PE|QC|SK
Carex hystericina × Carex lupulina,ON
Carex hystericina × Carex pseudocyperus,ON
Carex hystericina × Carex schweinitzii,ON
Carex hystericina × Carex utriculata,ON
Carex illota,AB|BC
Carex incurviformis,AB|BC|YT
Carex infirminervia,AB|BC
Carex inops,AB|BC|MB|ON|SK
Carex interior,AB|BC|MB|NB|NS|NT|NU|ON|PE|PM|QC|SK|YT
Carex interior × Carex sterilis,SK
Carex interrupta,BC
Carex intumescens,MB|NB|NS|ON|PE|PM|QC
Carex jamesii,ON
Carex jonesii,BC
Carex juniperorum,ON
Carex kelloggii,AB|BC|YT
Carex kelloggii var. kelloggii × Carex spectabilis,BC
Carex krauseorum,BC|MB|NT|NU|ON|QC|YT
Carex lachenalii,AB|BC|MB|NB|NT|NU|ON|QC|YT
Carex lacustris,AB|BC|MB|NB|NS|ON|QC|SK
Carex lacustris × Carex trichocarpa,ON
Carex laeviconica,MB|ON|SK
Carex laeviculmis,BC
Carex laevivaginata,ON
Carex lapponica,AB|BC|MB|NT|QC|YT
Carex lasiocarpa,AB|BC|MB|NB|NS|NT|ON|PM|QC|SK|YT
Carex laxa,NT|YT
Carex laxiculmis,ON|QC
Carex laxiflora,NS|ON|QC
Carex leavenworthii,ON
Carex lenticularis,AB|MB|NB|NS|NT|ON|PE|PM|QC|SK
Carex lenticularis × Carex saxatilis,QC
Carex leporina,BC
Carex leptalea,AB|BC|MB|NB|NS|NT|NU|ON|PM|QC|SK|YT
Carex leptonervia,MB|NB|NS|ON|PE|PM|QC
Carex leptopoda,BC
Carex limosa,AB|BC|MB|NB|NS|NT|NU|ON|PE|PM|QC|SK|YT
Carex livida,AB|BC|MB|NB|NS|NT|NU|ON|PE|PM|QC|SK|YT
Carex loliacea,AB|BC|MB|NT|ON|SK|YT
Carex longii,NS|ON
Carex lucorum,NB|NS|ON|QC
Carex lupuliformis,ON|QC
Carex lupulina,NB|NS|ON|QC
Carex lupulina × Carex lurida,QC
Carex lupulina × Carex retrorsaa,ON|QC
Carex lurida,NB|NS|ON|PE|QC
Carex luzulina,BC
Carex lyngbyei,BC
Carex mackenziei,AB|BC|MB|NB|NS|NT|NU|ON|PE|QC|SK|YT
Carex macloviana,AB|BC|NT|QC|YT
Carex macrocephala,BC
Carex macrochaeta,BC|YT
Carex macrochaeta × Carex spectabilis,BC
Carex magellanica,AB|BC|MB|NB|NS|NT|NU|ON|PE|PM|QC|SK|YT
Carex marina,MB|NT|NU|ON|QC|YT
Carex maritima,AB|MB|NT|NU|ON|QC|SK|YT
Carex meadii,MB|ON|SK
Carex media,AB|BC|MB|NB|NT|NU|ON|QC|SK|YT
Carex media × Carex norvegica,QC
Carex membranacea,BC|NT|NU|ON|QC|YT
Carex merritt-fernaldii,MB|NB|ON|QC
Carex mertensii,AB|BC
Carex mesochorea,ON
Carex michauxiana,MB|NB|NS|ON|PM|QC|SK
Carex microchaeta,BC|NT|YT
Carex microchaeta × Carex podocarpa,YT
Carex microglochin,AB|BC|MB|NT|NU|ON|QC|YT
Carex micropoda,AB|BC|NT|YT
Carex microptera,AB|BC|MB|NT|SK|YT
Carex molesta,ON|QC
Carex muehlenbergii,ON|QC
Carex muskingumensis,ON
Carex myosuroides,AB|BC|MB|NT|NU|ON|QC|YT
Carex nardina,AB|BC|MB|NT|NU|ON|QC|YT
Carex nebrascensis,AB
Carex nigra,NB|NS|PE|PM|QC
Carex nigricans,AB|BC|YT
Carex nigromarginata,ON
Carex normalis,ON|QC
Carex norvegica,MB|NU|ON|QC|YT
Carex novae-angliae,NB|NS|ON|PM|QC
Carex obnupta,BC
Carex obtusata,AB|BC|MB|NT|ON|SK|YT
Carex oligocarpa,ON|QC
Carex oligosperma,AB|MB|NB|NS|NT|NU|ON|PM|QC|SK|YT
Carex oligosperma × Carex utriculata,ON
Carex ormostachya,NB|NS|ON|QC
Carex pachystachya,AB|BC|SK|YT
Carex paleacea,MB|NB|NS|NU|ON|PE|PM|QC
Carex paleacea × Carex stricta,NS|PE|QC
Carex paleacea × Carex vacillans,NS|PE|QC
Carex pallescens,NB|NS|ON|PE|PM|QC
Carex pansa,BC
Carex parryana,AB|BC|MB|ON|SK|YT
Carex pauciflora,AB|BC|MB|NB|NS|NT|ON|PM|QC|SK|YT
Carex paysonis,AB|BC|YT
Carex peckii,AB|BC|MB|NB|NS|NT|ON|QC|SK|YT
Carex pedunculata,AB|BC|MB|NB|NS|ON|PM|QC|SK
Carex pellita,AB|BC|MB|NB|ON|PM|QC|SK|YT
Carex pensylvanica,MB|ON|QC
Carex petasata,AB|BC|NT|SK|YT
Carex petricosa,AB|BC|NT|NU|QC|YT
Carex phaeocephala,AB|BC|YT
Carex plantaginea,NB|NS|ON|QC
Carex platyphylla,NB|ON|QC
Carex pluriflora,BC
Carex podocarpa,AB|BC|NT|NU|YT
Carex praeceptorum,BC
Carex praegracilis,AB|BC|MB|SK|YT
Carex prairea,AB|BC|MB|NB|NS|NT|ON|QC|SK|YT
Carex prasina,ON|QC
Carex praticola,AB|BC|MB|NS|NT|NU|ON|QC|SK|YT
Carex preslii,AB|BC|YT
Carex projecta,MB|NB|NS|ON|PE|QC|SK
Carex pseudocyperus,AB|MB|NB|NS|ON|PE|QC|SK
Carex radiata,MB|NB|NS|ON|QC
Carex ramenskii,YT
Carex rariflora,MB|NB|NS|NT|NU|ON|PM|QC|YT
Carex raynoldsii,AB|BC|SK|YT
Carex recta,MB|NB|NS|ON|PE|QC
Carex recta × Carex stricta,QC
Carex retroflexa,ON
Carex retrorsa,AB|BC|MB|NB|NS|NT|ON|PE|QC|SK
Carex richardsonii,AB|BC|MB|NT|ON|QC|SK
Carex rosea,MB|NB|NS|ON|QC
Carex rossii,AB|BC|MB|NT|ON|SK|YT
Carex rostrata,AB|BC|MB|NB|NS|NT|NU|ON|PE|PM|QC|SK|YT
Carex rostrata × Carex saxatilis,PM
Carex rotundata,MB|NT|NU|QC|YT
Carex rotundata × Carex saxatilis,QC
Carex rufina,MB|NU|QC
Carex rupestris,AB|BC|MB|NT|NU|ON|QC|YT
Carex sabulosa,YT
Carex salina,NB|ON|QC
Carex sartwellii,AB|BC|MB|NT|NU|ON|QC|SK|YT
Carex saxatilis,AB|BC|MB|NB|NS|NT|NU|ON|PM|QC|SK|YT
Carex saximontana,AB|MB|ON|SK
Carex scabrata,NB|NS|ON|PE|QC
Carex schweinitzii,ON
Carex schweinitzii × Carex utriculata,ON
Carex scirpoidea,AB|BC|MB|NS|NT|NU|ON|PM|QC|SK|YT
Carex scoparia,AB|BC|MB|NB|NS|ON|PE|PM|QC
Carex scopulorum,AB|BC|YT
Carex seorsa,ON
Carex shortiana,ON
Carex siccata,AB|BC|MB|NT|ON|QC|SK|YT
Carex silicea,NB|NS|PE|QC
Carex simpliciuscula,AB|BC|MB|NT|NU|ON|QC|YT
Carex simulata,AB|BC|SK
Carex sparganioides,ON|QC
Carex spectabilis,AB|BC|YT
Carex sprengelii,AB|BC|MB|NB|ON|QC|SK
Carex squarrosa,ON
Carex sterilis,MB|NU|ON|QC|SK
Carex stipata,AB|BC|MB|NB|NS|ON|PE|PM|QC|SK
Carex stricta,MB|NB|NS|ON|PE|QC
Carex stylosa,BC|QC|YT
Carex suberecta,ON
Carex subspathacea,MB|NT|NU|ON|QC|SK|YT
Carex supina,AB|BC|MB|NT|NU|ON|QC|SK|YT
Carex swanii,NB|NS|ON|QC
Carex sychnocephala,AB|BC|MB|NT|ON|QC|SK|YT
Carex tahoensis,AB|BC|YT
Carex tenera,AB|BC|MB|NB|NS|ON|QC|SK
Carex tenuiflora,AB|BC|MB|NB|NS|NT|NU|ON|PE|QC|SK|YT
Carex tetanica,MB|ON|SK
Carex tincta,AB|NB|NS|ON|PE|QC
Carex tonsa,AB|BC|MB|NB|NS|ON|PE|QC|SK
Carex torreyi,AB|BC|MB|ON|SK
Carex torta,NB|NS|QC
Carex tribuloides,NB|NS|ON|QC
Carex trichocarpa,ON|QC
Carex trisperma,AB|BC|MB|NB|NS|NU|ON|PE|PM|QC|SK
Carex tuckermanii,NB|NS|ON|QC
Carex tumulicola,BC
Carex typhina,ON|QC
Carex umbellata,AB|MB|NB|NS|ON|QC|SK
Carex unilateralis,BC
Carex ursina,MB|NT|NU|ON|QC|YT
Carex utriculata,AB|BC|MB|NB|NS|NT|NU|ON|PE|PM|QC|SK|YT
Carex utriculata × Carex vesicaria,QC
Carex vacillans,NB|NS|PE|PM|QC
Carex vaginata,AB|BC|MB|NB|NT|NU|ON|QC|SK|YT
Carex vallicola,BC
Carex vesicaria,AB|BC|MB|NB|NS|ON|PE|PM|QC
Carex virescens,ON|QC
Carex viridula,AB|BC|MB|NB|NS|NT|NU|ON|PE|PM|QC|SK|YT
Carex vulpinoidea,AB|BC|MB|NB|NS|ON|PE|PM|QC|SK
Carex waponahkikensis,NB
Carex wiegandii,NB|NS|ON|PE|PM|QC
Carex willdenowii,ON
Carex williamsii,MB|NT|NU|ON|QC|YT
Carex woodii,ON
Carex xerantica,AB|BC|MB|ON|SK|YT
Carex zikae,BC
Carex ×arctophila,NT|ON|QC
Carex ×cayouettei,QC
Carex ×clausa,YT
Carex ×connectens,QC
Carex ×crinitoides,ON|QC
Carex ×dumanii,ON|QC
Carex ×exsalina,QC
Carex ×firmior,QC
Carex ×flavicans,MB|NT|NU|ON|QC|YT
Carex ×friesii,QC
Carex ×fulva,QC
Carex ×grahamii,NB|NS|ON|PM|QC
Carex ×grantii,ON|QC
Carex ×hartii,QC
Carex ×helvola,YT
Carex ×involuta,QC
Carex ×knieskernii,NB|ON|QC
Carex ×kyyhkynenii,BC
Carex ×langeana,NU|ON|QC
Carex ×limula,NU|QC
Carex ×macounii,ON
Carex ×mendica,ON|QC
Carex ×minganinsularum,QC
Carex ×mirata,ON
Carex ×neofilipendula,ON|QC
Carex ×notholimosioides,QC
Carex ×payettei,QC
Carex ×persalina,ON|QC
Carex ×physocarpoides,BC|QC|SK|YT
Carex ×pieperiana,QC
Carex ×pseudohelvola,NB|QC
Carex ×reducta,QC
Carex ×rollandii,QC
Carex ×saxenii,NB|NS|ON|QC
Carex ×spiculosa,QC
Carex ×subimpressa,ON
Carex ×subpaleacea,ON|QC
Carex ×subrecta,QC
Carex ×subviridula,BC|NB|NS|ON|QC
Carex ×sullivantii,ON
Carex ×trichina,QC
Carex ×xanthocarpa,QC
Carpinus caroliniana,ON|QC
Carya cordiformis,ON|QC
Carya glabra,ON
Carya laciniosa,ON
Carya ovata,ON|QC
Carya ×laneyi,ON|QC
Cassiope lycopodioides,BC
Cassiope mertensiana,AB|BC|YT
Cassiope tetragona,AB|BC|NT|NU|QC|YT
Castanea dentata,ON
Castilleja ambigua,BC
Castilleja attenuata,BC
Castilleja cervina,BC
Castilleja coccinea,MB|ON|SK
Castilleja cusickii,AB|BC
Castilleja elegans,AB|MB|NT|NU|QC|YT
Castilleja elmeri,BC
Castilleja hispida,AB|BC
Castilleja hyperborea,BC|NT|YT
Castilleja levisecta,BC
Castilleja lutescens,AB|BC
Castilleja miniata,AB|BC|MB|SK|YT
Castilleja minor,BC
Castilleja occidentalis,AB|BC
Castilleja pallida,BC|NT|NU|YT
Castilleja parviflora,AB|BC|YT
Castilleja purpurascens,AB|BC
Castilleja raupii,AB|BC|MB|NT|NU|ON|QC|SK|YT
Castilleja rhexiifolia,AB|BC
Castilleja rupicola,BC
Castilleja septentrionalis,AB|BC|MB|NB|NT|NU|ON|QC
Castilleja sessiliflora,AB|MB|SK
Castilleja tenuis,BC
Castilleja thompsonii,BC
Castilleja unalaschcensis,BC|YT
Castilleja victoriae,BC
Catabrosa aquatica,AB|BC|MB|NB|NU|ON|PE|PM|QC|SK
Caulophyllum giganteum,ON|QC
Caulophyllum thalictroides,MB|NB|NS|ON|QC
Ceanothus americanus,ON|QC
Ceanothus herbaceus,MB|ON|QC
Ceanothus sanguineus,BC
Ceanothus velutinus,AB|BC
Celastrus scandens,MB|NB|ON|QC|SK
Celtis occidentalis,MB|ON|QC
Celtis tenuifolia,ON
Cenchrus longispinus,ON
Cephalanthera austiniae,BC
Cephalanthus occidentalis,NB|NS|ON|QC
Cerastium alpinum,MB|NT|NU|ON|QC|SK
Cerastium arcticum,MB|NT|NU|ON|QC
Cerastium arvense,AB|BC|MB|NB|NS|NT|NU|ON|PM|QC|SK|YT
Cerastium beeringianum,AB|BC|MB|NT|NU|ON|QC|SK|YT
Cerastium bialynickii,NT|NU
Cerastium brachypodum,AB|MB|ON
Cerastium cerastoides,NU|QC
Cerastium fischerianum,BC
Cerastium maximum,NT|YT
Cerastium nutans,AB|BC|MB|ON|QC|SK
Cerastium regelii,NT|NU|QC
Cerastium velutinum,ON
Ceratophyllum demersum,AB|BC|MB|NB|NS|NT|ON|PE|QC|SK|YT
Ceratophyllum echinatum,BC|MB|NB|NS|ON|QC
Chaenactis douglasii,AB|BC
Chaerophyllum procumbens,ON
Chaerophyllum shortii,ON
Chamaebuxus paucifolia,AB|MB|NB|ON|QC|SK
Chamaedaphne calyculata,AB|BC|MB|NB|NS|NT|NU|ON|PE|PM|QC|SK|YT
Chamaelirium luteum,ON
Chamaenerion angustifolium,AB|BC|MB|NB|NS|NT|NU|ON|PE|PM|QC|SK|YT
Chamaenerion angustifolium subsp. angustifolium × Chamaenerion latifolium,QC
Chamaenerion latifolium,AB|BC|MB|NT|NU|ON|QC|YT
Chamaerhodos erecta,AB|BC|MB|NT|SK|YT
Chelone glabra,MB|NB|NS|ON|PE|PM|QC
Chenopodiastrum simplex,AB|BC|MB|NB|NS|ON|QC|SK
Chenopodium atrovirens,AB|BC|SK
Chenopodium berlandieri,AB|BC|MB|NT|ON|QC|SK|YT
Chenopodium desiccatum,AB|BC|SK
Chenopodium foggii,ON|QC
Chenopodium fremontii,AB|BC|MB|SK
Chenopodium hians,AB|BC|SK|YT
Chenopodium incanum,AB|SK
Chenopodium leptophyllum,AB|BC|NS|ON|SK
Chenopodium nitens,YT
Chenopodium pratericola,AB|BC|MB|NT|ON|SK|YT
Chenopodium standleyanum,ON
Chenopodium subglabrum,AB|BC|MB|SK
Chenopodium watsonii,AB|SK
Cherleria arctica,BC|NT|YT
Cherleria biflora,AB|BC|NT|NU|QC|YT
Cherleria marcescens,QC
Cherleria obtusiloba,AB|BC|NT|YT
Cherleria yukonensis,NT|YT
Chimaphila maculata,ON|QC
Chimaphila menziesii,BC
Chimaphila umbellata,AB|BC|MB|NB|NS|NT|ON|PE|QC|SK|YT
Chrysanthemum arcticum,BC|MB|NT|NU|ON|QC|YT
Chrysosplenium americanum,NB|NS|ON|PE|QC
Chrysosplenium iowense,AB|BC|MB|SK
Chrysosplenium rosendahlii,NU
Chrysosplenium tetrandrum,AB|BC|MB|NT|NU|ON|QC|SK|YT
Chrysosplenium wrightii,BC|NT|YT
Chrysothamnus viscidiflorus,BC
Cicuta bulbifera,AB|BC|MB|NB|NS|NT|NU|ON|PE|QC|SK|YT
Cicuta douglasii,AB|BC|YT
Cicuta maculata,AB|BC|MB|NB|NS|NT|NU|ON|PE|QC|SK|YT
Cicuta virosa,AB|BC|MB|NT|NU|ON|QC|SK|YT
Cinna arundinacea,NB|ON|QC
Cinna latifolia,AB|BC|MB|NB|NS|NT|ON|PE|PM|QC|SK|YT
Circaea alpina,AB|BC|MB|NB|NS|NT|ON|PE|PM|QC|SK|YT
Circaea canadensis,MB|NB|NS|ON|PE|QC
Circaea ×sterilis,MB|NB|NS|ON|PE|QC
Cirsium brevistylum,BC
Cirsium discolor,MB|ON|QC|SK
Cirsium drummondii,AB|BC|MB|NT|ON|SK
Cirsium edule,BC
Cirsium flodmanii,AB|BC|MB|ON|SK
Cirsium foliosum,AB|BC|NT|YT
Cirsium hookerianum,AB|BC
Cirsium minganense,QC
Cirsium muticum,MB|NB|NS|ON|PE|PM|QC|SK
Cirsium pitcheri,ON
Cirsium pumilum,ON
Cirsium scariosum,AB|BC
Cirsium undulatum,AB|BC|MB|SK
Cirsium ×vancouverense,BC
Cistanthe umbellata,BC
Cladium mariscoides,MB|NB|NS|ON|QC|SK
Clarkia amoena,BC
Clarkia pulchella,BC
Clarkia purpurea,BC
Clarkia rhomboidea,BC
Claytonia caroliniana,NB|NS|ON|PE|PM|QC
Claytonia cordifolia,BC
Claytonia exigua,BC
Claytonia lanceolata,AB|BC|SK
Claytonia megarhiza,AB|BC|NT|YT
Claytonia multiscapa,BC
Claytonia ogilviensis,YT
Claytonia parviflora,BC
Claytonia perfoliata,BC
Claytonia rubra,BC
Claytonia sarmentosa,BC|YT
Claytonia scammaniana,YT
Claytonia sibirica,BC
Claytonia tuberosa,BC|NT|YT
Claytonia virginica,ON|QC
Claytonia washingtoniana,BC
Claytosmunda claytoniana,MB|NB|NS|ON|PE|PM|QC
Clematis ligusticifolia,AB|BC|MB|SK
Clematis occidentalis,AB|BC|NB|NS|ON|QC|SK
Clematis virginiana,MB|NB|NS|ON|PE|QC
Clethra alnifolia,NS
Clinopodium arkansanum,ON
Clinopodium douglasii,BC
Clinopodium vulgare,NB|NS|ON|PM|QC
Clintonia borealis,MB|NB|NS|ON|PE|PM|QC
Clintonia uniflora,AB|BC
Cnidium cnidiifolium,BC|NT|YT
Cochlearia groenlandica,BC|MB|NT|NU|ON|QC|YT
Cochlearia tridactylites,NS|PM|QC
Coeloglossum viride,AB|BC|MB|NB|NS|NT|ON|QC|SK|YT
Coleanthus subtilis,BC|NT
Coleataenia longifolia,NS
Coleataenia rigidula,ON
Collinsia grandiflora,BC
Collinsia parviflora,AB|BC|MB|ON|SK|YT
Collinsonia canadensis,ON
Collomia grandiflora,BC
Collomia heterophylla,BC
Collomia linearis,AB|BC|MB|ON|SK
Collomia tenella,BC
Comandra umbellata,AB|BC|MB|NB|NS|NT|ON|PE|QC|SK|YT
Comarum palustre,AB|BC|MB|NB|NS|NT|NU|ON|PE|PM|QC|SK|YT
Comastoma tenellum,NT|NU|ON|QC|YT
Comptonia peregrina,NB|NS|ON|PE|QC
Conimitella williamsii,AB
Conioselinum chinense,NB|NS|ON|PE|PM|QC
Conioselinum pacificum,BC
Conopholis americana,MB|NS|ON|QC
Coptidium lapponicum,AB|BC|MB|NB|NT|NU|ON|QC|SK|YT
Coptidium pallasii,MB|NT|NU|ON|QC|YT
Coptidium ×spitsbergense,NT|NU|QC
Coptis aspleniifolia,BC
Coptis trifolia,AB|BC|MB|NB|NS|NU|ON|PE|PM|QC|SK
Corallorhiza maculata,AB|BC|MB|NB|NS|ON|PE|PM|QC|SK
Corallorhiza mertensiana,AB|BC
Corallorhiza odontorhiza,ON|QC
Corallorhiza striata,AB|BC|MB|ON|QC|SK
Corallorhiza trifida,AB|BC|MB|NB|NS|NT|NU|ON|PE|PM|QC|SK|YT
Corema conradii,NS|PE|QC
Coreopsis lanceolata,ON
Coreopsis rosea,NS
Coreopsis tinctoria,AB|BC|MB|SK
Coreopsis tripteris,ON
Corispermum americanum,AB|BC|MB|ON|SK
Corispermum hookeri,AB|BC|MB|NT|ON|SK
Corispermum ochotense,NT|SK|YT
Corispermum pallasii,AB|MB|ON|SK|YT
Corispermum villosum,AB|MB|ON|SK
Cornus alternifolia,MB|NB|NS|ON|PE|PM|QC
Cornus canadensis,AB|BC|MB|NB|NS|NT|NU|ON|PE|PM|QC|SK|YT
Cornus drummondii,ON
Cornus florida,ON
Cornus nuttallii,BC
Cornus obliqua,NB|ON|QC
Cornus occidentalis,BC
Cornus racemosa,MB|ON|QC
Cornus rugosa,MB|NB|NS|ON|PE|QC
Cornus sericea,AB|BC|MB|NB|NS|NT|NU|ON|PE|PM|QC|SK|YT
Cornus suecica,BC|MB|NS|NT|PM|QC
Cornus unalaschkensis,AB|BC|YT
Cornus ×acadiensis,NS
Cornus ×arnoldiana,ON
Cornus ×lepagei,NS|PM|QC
Cornus ×slavinii,NS|ON
Corydalis aurea,AB|BC|MB|NT|ON|QC|SK|YT
Corydalis flavula,ON
Corydalis pauciflora,BC|NT|YT
Corydalis scouleri,BC
Corylus americana,MB|ON|QC
Corylus cornuta,AB|BC|MB|NB|NS|ON|PE|PM|QC|SK
Coryphopteris simulata,NB|NS|ON|QC
Crassula aquatica,BC|NB|NS|NT|ON|PE|PM|QC|SK|YT
Crassula connata,BC
Crataegus aquacervensis,AB|SK
Crataegus atrovirens,BC
Crataegus beata,ON
Crataegus brainerdii,NB|NS|ON|QC
Crataegus calpodendron,ON
Crataegus canadensis,QC
Crataegus castlegarensis,AB|BC|SK
Crataegus chrysocarpa,AB|BC|MB|NB|NS|ON|PE|QC|SK
Crataegus coccinea,ON
Crataegus coccinioides,ON|QC
Crataegus cognata,ON
Crataegus compacta,ON
Crataegus crus-galli,NS|ON|QC
Crataegus cupressocollina,AB|SK
Crataegus dodgei,ON
Crataegus douglasii,AB|BC|ON|SK
Crataegus enderbyensis,BC
Crataegus flabellata,NB|NS|ON|QC
Crataegus florifera,ON
Crataegus fluviatilis,ON|QC
Crataegus formosa,ON
Crataegus holmesiana,ON|PE|QC
Crataegus intricata,NS|ON
Crataegus irrasa,ON|QC
Crataegus jesupii,ON
Crataegus jonesiae,NB|NS|PE
Crataegus lumaria,ON
Crataegus macracantha,AB|BC|MB|NB|ON|QC|SK
Crataegus macrosperma,NB|NS|ON|QC
Crataegus magniflora,ON
Crataegus margaretta,ON
Crataegus mollis,NS|ON|QC
Crataegus nitidula,ON
Crataegus okanaganensis,BC
Crataegus okennonii,BC
Crataegus orbicularis,BC
Crataegus pennsylvanica,ON
Crataegus perjucunda,ON
Crataegus persimilis,ON
Crataegus phippsii,BC
Crataegus populnea,ON
Crataegus prona,ON
Crataegus pruinosa,ON
Crataegus punctata,NB|NS|ON|QC
Crataegus purpurella,SK
Crataegus rivuloadamensis,AB|SK
Crataegus rivulopugnensis,AB|SK
Crataegus rubribracteolata,AB|SK
Crataegus scabrida,NB|NS|ON|QC
Crataegus schuettei,ON|QC
Crataegus sheila-phippsiae,BC|SK
Crataegus sheridana,AB|SK
Crataegus shuswapensis,BC
Crataegus stolonifera,ON
Crataegus submollis,MB|NB|NS|ON|QC
Crataegus suborbiculata,ON|QC
Crataegus succulenta,MB|NB|NS|ON|PE
Crataegus suksdorfii,BC
Crataegus ursopedensis,AB|SK
Crataegus ×knieskerniana,QC
Crataegus ×laurentiana,QC
Crataegus ×ninae-celottiae,ON
Crepidomanes intricatum,QC
Crepis acuminata,BC
Crepis atribarba,AB|BC|SK
Crepis intermedia,AB|BC|SK
Crepis modocensis,BC
Crepis occidentalis,AB|BC|SK
Crepis runcinata,AB|BC|MB|SK
Crocanthemum bicknellii,MB|ON|QC
Crocanthemum canadense,NS|ON|QC
Crocidium multicaule,BC
Crucihimalaya bursifolia,NT|NU|YT
Crucihimalaya virgata,AB|SK
Cryptantha affinis,AB|BC
Cryptantha ambigua,BC
Cryptantha fendleri,AB|SK
Cryptantha kelseyana,AB|SK
Cryptantha minima,AB|SK
Cryptantha torreyana,BC
Cryptantha watsonii,BC
Cryptogramma acrostichoides,AB|BC|MB|NT|ON|SK|YT
Cryptogramma cascadensis,BC
Cryptogramma sitchensis,BC|NT|YT
Cryptogramma stelleri,AB|BC|NB|NS|NT|NU|ON|QC|YT
Cryptotaenia canadensis,MB|ON|QC
Cubelium concolor,ON
Cuscuta campestris,AB|BC|MB|NS|ON|QC|SK
Cuscuta cephalanthi,AB|BC|MB|NB|NS|ON
Cuscuta coryli,MB|ON|QC|SK
Cuscuta gronovii,AB|MB|NB|NS|ON|PE|QC|SK
Cuscuta indecora,SK
Cuscuta pacifica,BC
Cuscuta pentagona,MB
Cuscuta polygonorum,ON|QC
Cuscuta umbrosa,AB|MB|ON|SK
Cyclachaena xanthiifolia,AB|SK
Cymopterus glomeratus,AB|MB|SK
Cyperus acuminatus,BC|SK
Cyperus bipartitus,NB|ON|QC
Cyperus dentatus,NB|NS|ON|QC
Cyperus diandrus,NB|NS|ON|QC
Cyperus engelmannii,ON|QC
Cyperus erythrorhizos,BC|MB|ON|QC
Cyperus esculentus,NB|NS|ON|QC
Cyperus flavescens,ON
Cyperus houghtonii,MB|ON|QC
Cyperus lupulinus,NB|NS|ON|QC
Cyperus odoratus,ON|QC
Cyperus schweinitzii,AB|MB|ON|QC|SK
Cyperus squarrosus,AB|BC|MB|NB|ON|QC|SK
Cyperus strigosus,MB|ON|QC|SK
Cyperus subsquarrosus,BC|ON
Cyperus ×mesochorus,ON|QC
Cypripedium acaule,AB|MB|NB|NS|ON|PE|PM|QC|SK
Cypripedium arietinum,MB|NS|ON|QC|SK
Cypripedium candidum,MB|ON|SK
Cypripedium guttatum,NT|YT
Cypripedium montanum,AB|BC|SK
Cypripedium parviflorum,AB|BC|MB|NB|NS|NT|ON|PE|PM|QC|SK|YT
Cypripedium passerinum,AB|BC|MB|NT|NU|ON|QC|SK|YT
Cypripedium reginae,MB|NB|NS|ON|PE|QC|SK
Cypripedium ×andrewsii,MB|ON
Cypripedium ×columbianum,BC
Cypripedium ×herae,MB
Cystopteris bulbifera,NB|NS|ON|QC
Cystopteris fragilis,AB|BC|MB|NB|NS|NT|NU|ON|PM|QC|SK|YT
Cystopteris laurentiana,NB|NS|ON|QC
Cystopteris montana,AB|BC|NS|NT|ON|QC|SK|YT
Cystopteris protrusa,ON
Cystopteris tenuis,NB|NS|ON|QC
Dalea candida,AB|MB|SK
Dalea purpurea,AB|MB|ON|SK
Dalea villosa,MB|SK
Danthonia californica,AB|BC|SK
Danthonia compressa,NS|ON|PE|QC
Danthonia intermedia,AB|BC|MB|QC|SK|YT
Danthonia parryi,AB|SK
Danthonia spicata,AB|BC|MB|NB|NS|NT|ON|PE|PM|QC|SK|YT
Danthonia unispicata,AB|BC|SK
Dasiphora fruticosa,AB|BC|MB|NB|NS|NT|NU|ON|PM|QC|SK|YT
Daucus pusillus,BC
Decodon verticillatus,NB|NS|ON|PE|QC
Delphinium bicolor,AB|BC|SK
Delphinium brachycentrum,BC|YT
Delphinium carolinianum,MB
Delphinium distichum,BC
Delphinium glaucum,AB|BC|NT|SK|YT
Delphinium menziesii,BC
Delphinium nuttallianum,BC
Delphinium sutherlandii,AB|BC
Dendrolycopodium dendroideum,AB|BC|MB|NB|NS|NT|ON|PE|PM|QC|SK|YT
Dendrolycopodium hickeyi,AB|MB|NB|NS|ON|PE|PM|QC|SK
Dendrolycopodium obscurum,NB|NS|ON|QC
Deparia acrostichoides,NB|NS|ON|PE|QC
Deschampsia cespitosa,AB|BC|MB|NB|NS|NT|NU|ON|PE|PM|QC|SK|YT
Deschampsia danthonioides,BC
Deschampsia elongata,AB|BC
Deschampsia mackenzieana,NT|SK
Deschampsia sukatschewii,NT|NU|ON|QC|YT
Descurainia incana,AB|BC|MB|NB|NT|ON|QC|SK|YT
Descurainia incisa,AB|BC|YT
Descurainia longepedicellata,BC
Descurainia nelsonii,BC|YT
Descurainia pinnata,AB|BC|MB|NS|NT|ON|QC|SK|YT
Descurainia sophioides,AB|BC|MB|NT|NU|YT
Desmodium canadense,MB|NB|NS|ON|QC
Desmodium canescens,ON
Desmodium cuspidatum,ON
Desmodium illinoense,ON
Desmodium paniculatum,ON|QC
Desmodium rotundifolium,ON
Dianthus repens,YT
Diapensia lapponica,MB|NS|NT|NU|ON|PM|QC
Diapensia obovata,BC|NT|YT
Diarrhena obovata,ON
Dicentra canadensis,ON|QC
Dicentra canadensis × Dicentra cucullaria,QC
Dicentra cucullaria,MB|NB|NS|ON|QC
Dicentra formosa,BC
Dicentra uniflora,BC
Dichanthelium boreale,NB|NS|ON|PE|PM|QC
Dichanthelium clandestinum,NS|ON|QC
Dichanthelium commonsianum,ON
Dichanthelium depauperatum,MB|NB|NS|ON|PE|QC
Dichanthelium dichotomum,NB|ON
Dichanthelium implicatum,BC|NB|NS|ON|QC
Dichanthelium lanuginosum,AB|BC|MB|NB|NS|ON|PE|QC|SK
Dichanthelium latifolium,ON|QC
Dichanthelium leibergii,AB|MB|ON|SK
Dichanthelium lindheimeri,MB|NB|NS|ON|QC
Dichanthelium linearifolium,MB|NB|NS|ON|QC
Dichanthelium meridionale,NS|ON
Dichanthelium oligosanthes,AB|BC|MB|ON
Dichanthelium perlongum,MB|ON
Dichanthelium portoricense,MB|NS|ON|PE|QC
Dichanthelium praecocius,ON
Dichanthelium sphaerocarpon,ON
Dichanthelium spretum,NS|ON
Dichanthelium subvillosum,MB|NB|NS|QC|SK
Dichanthelium thermale,AB
Dichanthelium wilcoxianum,AB|MB|SK
Dichanthelium xanthophysum,MB|NB|NS|ON|QC|SK
Diervilla lonicera,MB|NB|NS|ON|PE|PM|QC|SK
Dieteria canescens,AB|BC|SK
Digitaria cognata,ON
Dioscorea villosa,ON
Diphasiastrum alpinum,AB|BC|MB|NT|NU|QC|YT
Diphasiastrum complanatum,AB|BC|MB|NB|NS|NT|NU|ON|PE|PM|QC|SK|YT
Diphasiastrum digitatum,NB|NS|ON|PE|QC
Diphasiastrum sitchense,AB|BC|MB|NB|NS|ON|PE|PM|QC|SK|YT
Diphasiastrum tristachyum,MB|NB|NS|ON|PE|QC
Diphasiastrum ×habereri,NS|ON|QC
Diphasiastrum ×sabinifolium,NB|NS|ON|PE|QC
Diphasiastrum ×verecundum,ON|QC
Diphasiastrum ×zeilleri,MB|ON
Dirca palustris,NB|NS|ON|QC
Distichlis spicata,AB|BC|MB|NB|NS|NT|PE|SK
Doellingeria engelmannii,AB|BC
Doellingeria paucicapitata,BC
Doellingeria umbellata,AB|MB|NB|NS|ON|PE|PM|QC|SK
Douglasia alaskana,YT
Douglasia arctica,NT|YT
Douglasia gormanii,BC|NT|YT
Douglasia laevigata,BC
Douglasia montana,AB
Douglasia ochotensis,NT|YT
Downingia elegans,BC
Downingia laeta,AB|SK
Draba airdii,YT
Draba albertina,AB|BC|NT|YT
Draba aleutica,YT
Draba alpina,MB|NU|ON|QC
Draba arabisans,MB|NB|NS|ON|QC
Draba arctica,NT|NU|QC
Draba arctogena,NT|NU
Draba aurea,AB|BC|MB|NT|NU|ON|QC|SK|YT
Draba bennettii,YT
Draba borealis,AB|BC|NT|NU|YT
Draba bruce-bennettii,YT
Draba cana,AB|BC|MB|NB|NT|ON|QC|SK|YT
Draba caswellii,YT
Draba catlingii,NT|YT
Draba cayouettei,NU|QC
Draba chamissonis,BC
Draba cinerea,AB|BC|NT|NU|ON|QC|SK|YT
Draba corymbosa,BC|NT|NU|QC|YT
Draba crassifolia,AB|BC|NT|NU|QC|YT
Draba darbyshirei,NT|YT
Draba densifolia,AB|BC|YT
Draba fladnizensis,AB|BC|NT|NU|YT
Draba franktonii,BC
Draba glabella,AB|BC|MB|NB|NS|NT|NU|ON|PM|QC|YT
Draba grandis,BC
Draba incana,MB|NB|NU|ON|PE|QC
Draba incerta,AB|BC|NT|YT
Draba juvenilis,AB|BC|NT|NU|YT
Draba kluanei,YT
Draba lactea,BC|MB|NT|NU|ON|QC|YT
Draba lonchocarpa,AB|BC|NT|NU|YT
Draba macounii,AB|BC|NT|YT
Draba micropetala,NT|NU|QC
Draba mulliganii,YT
Draba murrayi,YT
Draba nemorosa,AB|BC|MB|NT|NU|ON|QC|SK|YT
Draba nivalis,AB|BC|MB|NT|NU|ON|QC|YT
Draba norvegica,NS|NT|NU|ON|QC
Draba novolympica,AB|BC
Draba oblongata,NT|NU|QC
Draba ogilviensis,NT|YT
Draba oligosperma,AB|BC|NT|NU|YT
Draba palanderiana,NT|YT
Draba pauciflora,NT|NU
Draba pilosa,NT|NU|QC|YT
Draba porsildii,AB|BC|NT|YT
Draba praealta,AB|BC|NT|YT
Draba puvirnituqii,QC
Draba pycnosperma,NS|QC
Draba ruaxes,AB|BC|YT
Draba scotteri,BC|YT
Draba shehbazii,NT
Draba simmonsii,NT|NU
Draba stenoloba,AB|BC|NT|YT
Draba stenopetala,YT
Draba subcapitata,NT|NU|QC
Draba taylorii,BC
Draba thompsonii,BC|YT
Draba ventosa,AB|BC|YT
Draba yukonensis,YT
Dracocephalum parviflorum,AB|BC|MB|NT|ON|QC|SK|YT
Drosera anglica,AB|BC|MB|NB|NT|NU|ON|QC|SK|YT
Drosera filiformis,NS
Drosera intermedia,NB|NS|ON|PE|PM|QC
Drosera linearis,AB|BC|MB|NT|ON|QC|SK
Drosera rotundifolia,AB|BC|MB|NB|NS|NT|NU|ON|PE|PM|QC|SK|YT
Drosera ×eloisiana,NS|ON
Drosera ×linglica,QC
Drosera ×obovata,BC|QC
Drosera ×woodii,ON|QC
Dryas ajanensis,NT|YT
Dryas ajanensis subsp. beringensis × Dryas integrifolia subsp. integrifolia,BC|YT
Dryas ajanensis subsp. beringensis × Dryas integrifolia subsp. sylvatica,YT
Dryas alaskensis,BC|NT|YT
Dryas drummondii,AB|BC|NB|NT|ON|QC|SK|YT
Dryas hookeriana,AB|BC|NT|YT
Dryas incisa,NT|YT
Dryas integrifolia,AB|BC|MB|NB|NT|NU|ON|QC|YT
Dryas ×lewinii,QC
Dryas ×suendermannii,AB
Drymocallis arguta,AB|BC|MB|NB|NT|ON|QC|SK
Drymocallis convallaria,AB|BC|YT
Drymocallis glandulosa,BC
Drymocallis pseudorupestris,AB|BC
Dryopteris arguta,BC
Dryopteris campyloptera,NB|NS|PE|PM|QC
Dryopteris campyloptera × Dryopteris intermedia,NB
Dryopteris campyloptera × Dryopteris marginalis,NS
Dryopteris carthusiana,AB|BC|MB|NB|NS|NT|NU|ON|PE|PM|QC|SK|YT
Dryopteris carthusiana × Dryopteris cristata,NB|ON|QC
Dryopteris clintoniana,NB|ON|QC
Dryopteris clintoniana × Dryopteris cristata,ON
Dryopteris cristata,AB|BC|MB|NB|NS|ON|PE|PM|QC|SK
Dryopteris expansa,AB|BC|MB|NT|ON|QC|SK|YT
Dryopteris filix-mas,AB|BC|NB|NS|ON|PM|QC|SK
Dryopteris fragrans,AB|BC|MB|NB|NS|NT|NU|ON|QC|SK|YT
Dryopteris goldieana,NB|ON|QC
Dryopteris goldieana × Dryopteris intermedia,ON
Dryopteris intermedia,NB|NS|ON|PE|PM|QC
Dryopteris intermedia × Dryopteris marginalis,ON
Dryopteris marginalis,BC|NB|NS|ON|QC
Dryopteris ×algonquinensis,ON
Dryopteris ×benedictii,ON
Dryopteris ×boottii,NB|NS|ON|QC
Dryopteris ×brathaica,QC
Dryopteris ×burgessii,ON|QC
Dryopteris ×dowellii,ON|QC
Dryopteris ×mickelii,ON
Dryopteris ×montgomeryi,ON|QC
Dryopteris ×neowherryi,ON|QC
Dryopteris ×pittsfordensis,ON
Dryopteris ×slossoniae,ON
Dryopteris ×triploidea,NB|NS|ON|PE|QC
Dulichium arundinaceum,BC|MB|NB|NS|ON|PE|PM|QC
Dupontia fisheri,MB|NT|NU|ON|QC|YT
Dysphania atriplicifolia,MB|ON|SK
Echinacea angustifolia,MB|SK
Echinochloa muricata,AB|BC|MB|NS|ON|QC|SK
Echinochloa walteri,ON|QC
Echinocystis lobata,MB|NB|NS|ON|QC|SK
Eclipta prostrata,ON
Elaeagnus commutata,AB|BC|MB|NT|NU|ON|QC|SK|YT
Elatine americana,MB|NB|NT|ON|QC
Elatine brachysperma,BC
Elatine minima,NB|NS|ON|PE|PM|QC|SK
Elatine ojibwayensis,QC
Elatine orthosperma,BC
Eleocharis acicularis,AB|BC|MB|NB|NS|NT|NU|ON|PE|PM|QC|SK|YT
Eleocharis aestuum,QC
Eleocharis ambigens,QC
Eleocharis atropurpurea,BC
Eleocharis coloradoensis,BC|MB|SK
Eleocharis compressa,AB|MB|ON|QC|SK
Eleocharis diandra,ON|QC
Eleocharis elliptica,AB|BC|MB|NB|NS|NT|ON|PM|QC|SK
Eleocharis engelmannii,AB|BC|MB|ON|SK
Eleocharis equisetoides,ON
Eleocharis erythropoda,AB|BC|MB|NB|NT|ON|QC|SK|YT
Eleocharis fallax,NS
Eleocharis flavescens,NB|NS|ON|QC
Eleocharis geniculata,BC|ON
Eleocharis intermedia,NB|ON|QC
Eleocharis kamtschatica,BC|MB|ON|QC
Eleocharis macrostachya,AB|BC|MB|NT|ON|QC|YT
Eleocharis mamillata,AB|BC|NT|ON|QC|SK|YT
Eleocharis nitida,BC|NS|ON|PE|QC|SK
Eleocharis obtusa,BC|MB|NB|NS|ON|PE|QC
Eleocharis ovata,AB|BC|NB|NS|ON|PE|QC
Eleocharis palustris,AB|BC|MB|NB|NS|NT|NU|ON|PE|PM|QC|SK|YT
Eleocharis parvula,BC|NB|NS|ON|PE|PM|QC
Eleocharis quadrangulata,ON
Eleocharis quinqueflora,AB|BC|MB|NB|NS|NT|ON|PE|PM|QC|SK|YT
Eleocharis robbinsii,NB|NS|ON|QC
Eleocharis rostellata,BC|NS|ON
Eleocharis suksdorfiana,AB|BC
Eleocharis tenuis,NB|NS|PE|QC
Eleocharis tuberculosa,NS
Eleocharis uniglumis,AB|BC|MB|NB|NS|NT|ON|PE|PM|QC|YT
Eleocharis ×macounii,QC
Elliottia pyroliflora,BC
Ellisia nyctelea,AB|MB|SK
Elmera racemosa,BC
Elodea bifoliata,AB|SK
Elodea canadensis,AB|BC|MB|NB|NS|ON|QC|SK
Elodea nuttallii,BC|MB|NB|ON|QC
Elymus alaskanus,BC|MB|NT|NU|YT
Elymus albicans,AB|BC|SK
Elymus canadensis,AB|BC|MB|NB|NT|ON|QC|SK
Elymus curvatus,BC|MB|ON|QC|SK
Elymus diversiglumis,MB|ON|SK
Elymus elymoides,AB|BC|SK
Elymus glaucus,AB|BC|MB|NT|ON|SK|YT
Elymus hirsutus,BC
Elymus hystrix,MB|NB|NS|ON|QC
Elymus lanceolatus,AB|BC|MB|NT|ON|SK|YT
Elymus lanceolatus subsp. psammophilus × Elymus trachycaulus subsp. trachycaulus,ON
Elymus macgregorii,ON
Elymus macrourus,NT|YT
Elymus riparius,ON|QC
Elymus scribneri,AB
Elymus scribneri × Elymus trachycaulus ssp. violaceum,AB
Elymus trachycaulus,AB|BC|MB|NB|NS|NT|NU|ON|PE|PM|QC|SK|YT
Elymus villosus,ON|QC
Elymus violaceus,AB|BC|MB|NT|NU|ON|QC|YT
Elymus virginicus,AB|MB|NB|NS|ON|PE|PM|QC|SK
Elymus wiegandii,NB|ON|QC|SK
Elymus ×cayouetteorum,QC
Elymus ×ebingeri,ON
Elymus ×maltei,ON|SK
Elymus ×mossii,AB
Elymus ×pseudorepens,AB|SK
Elymus ×saundersii,BC
Elymus ×yukonensis,BC
Empetrum atropurpureum,NS|PE|QC
Empetrum eamesii,NS|PE|PM|QC
Empetrum nigrum,AB|BC|MB|NB|NS|NT|NU|ON|PM|QC|SK|YT
Endotropis alnifolia,AB|BC|MB|NB|NS|ON|PE|QC|SK
Enemion biternatum,ON
Enemion savilei,BC
Epifagus virginiana,NB|NS|ON|PE|QC
Epigaea repens,MB|NB|NS|ON|PE|PM|QC
Epilobium anagallidifolium,AB|BC|NT|NU|QC|YT
Epilobium arcticum,NT|NU|ON|QC|YT
Epilobium brachycarpum,AB|BC|MB|ON|QC|SK
Epilobium campestre,AB|BC|SK
Epilobium ciliatum,AB|BC|MB|NB|NS|NT|NU|ON|PE|PM|QC|SK|YT
Epilobium clavatum,AB|BC|YT
Epilobium coloratum,NB|NS|ON|PE|QC
Epilobium davuricum,BC|MB|NT|NU|ON|QC|YT
Epilobium densiflorum,BC
Epilobium densum,NB|NS|ON|PE|QC
Epilobium foliosum,BC
Epilobium glaberrimum,AB|BC
Epilobium hallianum,AB|BC
Epilobium hornemannii,AB|BC|NB|NS|NT|ON|QC|YT
Epilobium lactiflorum,AB|BC|NS|NT|ON|QC|YT
Epilobium leptocarpum,AB|BC
Epilobium leptophyllum,AB|BC|MB|NB|NS|NT|ON|PE|QC|SK
Epilobium luteum,AB|BC
Epilobium minutum,AB|BC
Epilobium mirabile,AB|BC
Epilobium oregonense,BC
Epilobium palustre,AB|BC|MB|NB|NS|NT|NU|ON|PE|PM|QC|SK|YT
Epilobium saximontanum,AB|BC|ON|QC
Epilobium smithii,AB|BC
Epilobium torreyi,BC
Epilobium ×treleasianum,BC
Epilobium ×wisconsinense,ON
Epipactis gigantea,BC
Equisetum arvense,AB|BC|MB|NB|NS|NT|NU|ON|PE|PM|QC|SK|YT
Equisetum braunii,BC
Equisetum braunii × Equisetum palustre,BC
Equisetum fluviatile,AB|BC|MB|NB|NS|NT|NU|ON|PE|PM|QC|SK|YT
Equisetum hyemale,AB|BC|MB|NB|NS|NT|ON|QC|SK|YT
Equisetum laevigatum,AB|BC|MB|ON|QC|SK
Equisetum palustre,AB|BC|MB|NB|NS|NT|NU|ON|QC|SK|YT
Equisetum pratense,AB|BC|MB|NB|NS|NT|ON|QC|SK|YT
Equisetum scirpoides,AB|BC|MB|NB|NS|NT|NU|ON|PE|PM|QC|SK|YT
Equisetum sylvaticum,AB|BC|MB|NB|NS|NT|NU|ON|PE|PM|QC|SK|YT
Equisetum variegatum,AB|BC|MB|NB|NS|NT|NU|ON|PM|QC|SK|YT
Equisetum ×ferrissii,AB|BC|ON|QC|SK
Equisetum ×jesupii,BC|NB|NS|ON|QC
Equisetum ×litorale,AB|BC|MB|NB|NS|NT|NU|ON|PE|QC
Equisetum ×nelsonii,ON|QC
Eragrostis capillaris,ON
Eragrostis frankii,ON
Eragrostis hypnoides,MB|ON|QC|SK
Eragrostis mexicana,BC
Eragrostis pectinacea,BC|NB|NS|ON|QC|SK
Eragrostis spectabilis,ON
Erechtites hieraciifolius,NB|NS|ON|PE|QC
Eremogone capillaris,AB|BC|NT|NU|YT
Eremogone congesta,AB|SK
Ericameria bloomeri,BC
Ericameria nauseosa,AB|BC|SK
Erigenia bulbosa,ON
Erigeron acris,AB|BC|MB|NB|NT|NU|ON|QC|SK|YT
Erigeron annuus,AB|BC|MB|NB|NS|ON|PE|QC|SK
Erigeron aureus,AB|BC
Erigeron caespitosus,AB|BC|MB|SK|YT
Erigeron canadensis,ON
Erigeron compositus,AB|BC|NT|NU|QC|SK|YT
Erigeron corymbosus,BC
Erigeron denalii,NT|YT
Erigeron divergens,AB|BC
Erigeron elatus,AB|BC|MB|NT|NU|ON|QC|SK|YT
Erigeron filifolius,BC
Erigeron flagellaris,AB|BC
Erigeron formosissimus,AB
Erigeron glabellus,AB|BC|MB|NT|ON|SK|YT
Erigeron glacialis,AB|BC|YT
Erigeron grandiflorus,AB|BC
Erigeron humilis,AB|BC|MB|NT|NU|ON|QC|YT
Erigeron hyperboreus,YT
Erigeron hyssopifolius,AB|MB|NB|NS|NT|NU|ON|QC|SK|YT
Erigeron lackschewitzii,AB|BC
Erigeron lanatus,AB|BC
Erigeron leibergii,BC
Erigeron linearis,BC|YT
Erigeron lonchophyllus,AB|BC|MB|NT|NU|ON|QC|SK|YT
Erigeron muirii,YT
Erigeron nivalis,AB|BC|NT|SK|YT
Erigeron ochroleucus,AB|BC|YT
Erigeron pallens,AB|BC|YT
Erigeron peregrinus,AB|BC|YT
Erigeron philadelphicus,AB|BC|MB|NB|NS|NT|ON|PE|QC|SK|YT
Erigeron poliospermus,BC
Erigeron porsildii,NT|YT
Erigeron pulchellus,ON|QC
Erigeron pumilus,AB|BC|SK
Erigeron purpuratus,NT|YT
Erigeron radicatus,AB|BC|SK
Erigeron salishii,BC
Erigeron speciosus,AB|BC
Erigeron strigosus,AB|BC|MB|NB|NS|ON|PE|QC|SK
Erigeron trifidus,AB|BC
Erigeron uniflorus,BC|NT|NU|QC|YT
Erigeron yukonensis,NT|NU|YT
Erigeron ×arthurii,AB|BC
Eriocaulon aquaticum,MB|NB|NS|ON|PE|PM|QC
Eriocaulon parkeri,NB|QC
Eriocoma hymenoides,AB|BC|MB|SK|YT
Eriocoma lemmonii,BC
Eriocoma nelsonii,AB|BC|SK|YT
Eriocoma occidentalis,BC
Eriocoma richardsonii,AB|BC|MB|SK|YT
Eriocoma thurberiana,BC
Eriogonum androsaceum,AB|BC
Eriogonum cernuum,AB|SK
Eriogonum flavum,AB|BC|MB|SK|YT
Eriogonum heracleoides,BC
Eriogonum niveum,BC
Eriogonum ovalifolium,AB|BC
Eriogonum pauciflorum,SK
Eriogonum pyrolifolium,BC
Eriogonum strictum,BC
Eriogonum umbellatum,AB|BC
Eriophorum angustifolium,AB|BC|MB|NB|NS|NT|NU|ON|PE|PM|QC|SK|YT
Eriophorum brachyantherum,AB|BC|MB|NT|NU|ON|QC|SK|YT
Eriophorum callitrix,AB|BC|MB|NT|NU|ON|QC|YT
Eriophorum chamissonis,BC
Eriophorum gracile,AB|BC|MB|NB|NS|NT|NU|ON|PE|PM|QC|SK|YT
Eriophorum russeolum,AB|MB|NB|NS|NT|NU|ON|PM|QC|SK|YT
Eriophorum scheuchzeri,AB|BC|MB|NT|NU|ON|QC|SK|YT
Eriophorum tenellum,NB|NS|NU|ON|PE|PM|QC
Eriophorum triste,NT|NU|YT
Eriophorum vaginatum,AB|BC|MB|NB|NS|NT|NU|ON|PE|PM|QC|SK|YT
Eriophorum virginicum,NB|NS|ON|PE|PM|QC
Eriophorum viridicarinatum,AB|BC|MB|NB|NS|NT|NU|ON|PE|PM|QC|SK|YT
Eriophorum ×medium,NT|NU|QC
Eriophorum ×pylaieanum,NS|ON|PM|QC
Eriophyllum lanatum,BC
Eritrichium arctisibiricum,YT
Eritrichium aretioides,YT
Eritrichium boreale,YT
Eritrichium grandiflorum,YT
Eritrichium splendens,NT|YT
Erysimum angustatum,YT
Erysimum arenicola,BC
Erysimum asperum,AB|MB|SK
Erysimum capitatum,BC|YT
Erysimum coarctatum,AB|NB|NT|NU|QC|YT
Erysimum inconspicuum,AB|BC|MB|NS|NT|ON|QC|SK|YT
Erysimum pallasii,AB|BC|NT|NU|YT
Erythranthe alsinoides,BC
Erythranthe ampliata,AB
Erythranthe arvensis,BC
Erythranthe breviflora,BC
Erythranthe breweri,AB|BC
Erythranthe caespitosa,BC
Erythranthe decora,BC
Erythranthe dentata,BC
Erythranthe floribunda,AB|BC
Erythranthe geyeri,AB|MB|ON|QC|SK
Erythranthe guttata,AB|BC|NT|SK|YT
Erythranthe lewisii,AB|BC
Erythranthe microphylla,BC
Erythranthe moschata,BC|ON
Erythranthe nasuta,BC
Erythranthe patula,BC
Erythranthe scouleri,BC
Erythranthe suksdorfii,BC
Erythranthe tilingii,AB|BC
Erythronium albidum,ON
Erythronium americanum,NB|NS|ON|QC
Erythronium grandiflorum,AB|BC
Erythronium montanum,BC
Erythronium oregonum,BC
Erythronium revolutum,BC
Euonymus atropurpureus,ON
Euonymus obovatus,ON
Euonymus occidentalis,BC
Eupatorium altissimum,ON
Eupatorium perfoliatum,MB|NB|NS|ON|PE|QC
Euphorbia commutata,ON
Euphorbia corollata,ON
Euphorbia geyeri,MB
Euphorbia glyptosperma,AB|BC|MB|SK
Euphorbia nutans,ON
Euphorbia polygonifolia,NB|NS|ON|PE
Euphorbia serpillifolia,AB|BC|MB|ON|SK
Euphorbia spathulata,ON
Euphorbia vermiculata,NB|NS|ON|QC
Euphrasia arctica,NB|NS|ON|PE|QC
Euphrasia disjuncta,NS|NU|QC
Euphrasia farlowii,NB|NS|ON|PE
Euphrasia frigida,QC
Euphrasia hudsoniana,AB|MB|NU|ON|QC
Euphrasia oakesii,QC
Euphrasia ostenfeldii,ON|QC
Euphrasia randii,NB|NS|PE|PM|QC
Euphrasia subarctica,AB|BC|MB|NT|SK|YT
Euphrasia suborbicularis,NS|ON|QC
Euphrasia vinacea,MB|ON
Euphrasia wettsteinii,NU|ON|QC
Eurybia conspicua,AB|BC|MB|SK
Eurybia divaricata,ON|QC
Eurybia macrophylla,MB|NB|NS|ON|PE|QC
Eurybia merita,BC
Eurybia radula,NB|NS|ON|PE|PM|QC
Eurybia radulina,BC
Eurybia schreberi,ON
Eurybia sibirica,AB|BC|NT|NU|YT
Euthamia galetorum,NS
Euthamia graminifolia,AB|BC|MB|NB|NS|NT|ON|PE|QC|SK
Euthamia gymnospermoides,ON
Euthamia occidentalis,BC
Eutrema edwardsii,BC|MB|NT|NU|QC|YT
Eutrema salsugineum,AB|BC|MB|NT|SK|YT
Eutrochium dubium,NS
Eutrochium maculatum,AB|BC|MB|NB|NS|ON|PE|PM|QC|SK
Eutrochium purpureum,MB|ON
Fagus grandifolia,NB|NS|ON|PE|QC
Fallopia scandens,MB|NB|NS|ON|PE|QC|SK
Festuca altaica,AB|BC|NT|NU|QC|SK|YT
Festuca auriculata,NT|YT
Festuca baffinensis,AB|BC|NT|NU|ON|QC|YT
Festuca brachyphylla,AB|BC|MB|NT|NU|ON|QC|SK|YT
Festuca brevissima,NT|YT
Festuca campestris,AB|BC
Festuca edlundiae,NT|NU
Festuca frederikseniae,QC
Festuca hallii,AB|MB|ON|SK
Festuca hyperborea,NT|NU|QC|YT
Festuca idahoensis,AB|BC|SK
Festuca lenensis,NT|YT
Festuca minutiflora,AB|BC|YT
Festuca occidentalis,AB|BC|ON
Festuca prolifera,NS|NT|NU|ON|QC
Festuca pseudovivipara,BC
Festuca roemeri,BC
Festuca rubra,BC|MB|NT|NU|ON|QC|SK|YT
Festuca saximontana,AB|BC|MB|NT|NU|ON|QC|SK|YT
Festuca subulata,AB|BC
Festuca subuliflora,BC
Festuca subverticillata,MB|NB|NS|ON|QC
Festuca viridula,BC
Festuca viviparoidea,AB|BC|NT|NU|YT
Festuca washingtonica,BC
Fimbristylis autumnalis,NB|ON|QC
Fimbristylis puberula,ON
Floerkea proserpinacoides,BC|NS|ON|QC
Fragaria chiloensis,BC
Fragaria vesca,AB|BC|MB|NB|NS|NT|ON|QC|SK
Fragaria virginiana,AB|BC|MB|NB|NS|NT|NU|ON|PE|PM|QC|SK|YT
Frangula purshiana,BC
Frasera caroliniensis,ON
Fraxinus americana,NB|NS|ON|PE|QC
Fraxinus latifolia,BC
Fraxinus nigra,MB|NB|NS|ON|PE|QC
Fraxinus pennsylvanica,MB|NB|NS|ON|PE|QC|SK
Fraxinus profunda,ON
Fraxinus quadrangulata,ON
Fritillaria affinis,BC
Fritillaria camschatcensis,BC|YT
Fritillaria pudica,AB|BC
Gagea serotina,BC|NT|YT
Gaillardia aristata,AB|BC|MB|SK
Galearis rotundifolia,AB|BC|MB|NB|NT|ON|QC|SK|YT
Galearis spectabilis,NB|ON|QC
Galium aparine,BC|MB|NT|ON|SK
Galium asprellum,NB|NS|ON|PE|QC
Galium bifolium,AB|BC
Galium boreale,AB|BC|MB|NB|NS|NT|ON|QC|SK|YT
Galium brandegeei,NU|YT
Galium brevipes,MB|NB|ON|QC
Galium circaezans,ON|QC
Galium concinnum,ON
Galium kamtschaticum,BC|NB|NS|ON|QC
Galium labradoricum,AB|BC|MB|NB|NS|NT|NU|ON|PE|PM|QC|SK
Galium lanceolatum,ON|QC
Galium obtusum,NB|NS|ON|QC
Galium palustre,BC|NB|NS|NU|ON|PE|PM|QC
Galium pilosum,ON
Galium tinctorium,NB|NS|ON|PE|PM|QC
Galium trifidum,AB|BC|MB|NB|NS|NT|NU|ON|PE|PM|QC|SK|YT
Galium triflorum,AB|BC|MB|NB|NS|NT|ON|PE|PM|QC|SK|YT
Galium ×pomeranicum,NB
Gamochaeta ustulata,BC
Gaultheria hispidula,AB|BC|MB|NB|NS|NU|ON|PE|PM|QC|SK
Gaultheria humifusa,AB|BC
Gaultheria ovatifolia,BC
Gaultheria procumbens,MB|NB|NS|ON|PE|PM|QC
Gaultheria shallon,BC
Gaylussacia baccata,NB|NS|ON|PE|PM|QC
Gaylussacia bigeloviana,NB|NS|PE|PM|QC
Gayophytum diffusum,BC
Gayophytum humile,BC
Gayophytum racemosum,AB|BC
Gayophytum ramosissimum,BC
Gentiana affinis,AB|BC|MB|NT|SK
Gentiana algida,YT
Gentiana andrewsii,MB|ON|QC|SK
Gentiana calycosa,AB|BC
Gentiana clausa,QC
Gentiana douglasiana,BC
Gentiana flavida,ON
Gentiana fremontii,AB|SK
Gentiana glauca,AB|BC|NT|YT
Gentiana linearis,NB|ON|QC
Gentiana nivalis,QC
Gentiana platypetala,BC
Gentiana prostrata,AB|BC|NT|YT
Gentiana puberulenta,MB|SK
Gentiana rubricaulis,MB|NB|ON
Gentiana sceptrum,BC
Gentiana ×billingtonii,ON
Gentiana ×pallidocyanea,ON
Gentianella amarella,AB|BC|MB|NB|NS|NT|NU|ON|QC|SK|YT
Gentianella propinqua,AB|BC|MB|NT|NU|ON|QC|YT
Gentianella quinquefolia,ON
Gentianopsis crinita,MB|ON|QC
Gentianopsis detonsa,AB|NT|NU|ON|QC|YT
Gentianopsis virgata,AB|BC|MB|NT|ON|QC|SK
Geocaulon lividum,AB|BC|MB|NB|NS|NT|NU|ON|PM|QC|SK|YT
Geranium bicknellii,AB|BC|MB|NB|NS|NT|ON|QC|SK|YT
Geranium carolinianum,AB|BC|MB|ON|QC|SK
Geranium erianthum,AB|BC|YT
Geranium maculatum,MB|ON|QC
Geranium richardsonii,AB|BC|NT|SK|YT
Geranium robertianum,NB|NS|ON|PE|PM|QC
Geranium viscosissimum,AB|BC|SK
Geum aleppicum,AB|BC|MB|NB|NS|NT|ON|PE|QC|SK|YT
Geum calthifolium,BC
Geum canadense,MB|NB|NS|ON|PE|QC
Geum fragarioides,NB|ON|QC
Geum glaciale,NT|YT
Geum laciniatum,NB|NS|ON|PE|QC
Geum macrophyllum,AB|BC|MB|NB|NS|NT|NU|ON|PE|PM|QC|SK|YT
Geum peckii,NS
Geum rivale,AB|BC|MB|NB|NS|NU|ON|PE|PM|QC|SK
Geum rossii,BC|NT|NU|YT
Geum schofieldii,BC
Geum triflorum,AB|BC|MB|NT|ON|SK|YT
Geum vernum,ON
Geum virginianum,ON
Geum ×aurantiacum,AB|ON|PE
Geum ×catlingii,NB|ON|QC
Geum ×hainesianum,ON
Geum ×macneillii,QC
Geum ×pervale,AB|ON|QC|SK
Geum ×pulchrum,ON|QC
Gilia sinuata,BC
Githopsis specularioides,BC
Gleditsia triacanthos,ON
Glehnia leiocarpa,BC
Glyceria borealis,AB|BC|MB|NB|NS|NT|ON|PE|PM|QC|SK|YT
Glyceria canadensis,MB|NB|NS|ON|PE|PM|QC|SK
Glyceria elata,AB|BC
Glyceria grandis,AB|BC|MB|NB|NS|NT|ON|PE|PM|QC|SK|YT
Glyceria leptostachya,BC
Glyceria melicaria,NB|NS|ON|QC
Glyceria obtusa,NB|NS
Glyceria pulchella,AB|BC|MB|NT|SK|YT
Glyceria septentrionalis,ON|QC
Glyceria striata,AB|BC|MB|NB|NS|NT|NU|ON|PE|PM|QC|SK|YT
Glyceria ×gatineauensis,QC
Glyceria ×occidentalis,BC
Glyceria ×ottawensis,ON
Glycyrrhiza lepidota,AB|BC|MB|ON|SK
Gnaphalium palustre,AB|BC|SK
Goodyera oblongifolia,AB|BC|NB|NS|ON|QC|SK
Goodyera pubescens,NS|ON|QC
Goodyera repens,AB|BC|MB|NB|NS|NT|NU|ON|PE|PM|QC|SK|YT
Goodyera tesselata,MB|NB|NS|ON|PE|QC
Graphephorum melicoides,NB|NS|ON|QC
Graphephorum wolfii,AB|BC|SK
Gratiola ebracteata,BC
Gratiola lutea,NB|NS|ON|QC
Gratiola neglecta,AB|BC|MB|NB|NS|ON|QC|SK
Gratiola quartermaniae,ON
Greeneochloa coarctata,NS
Grindelia humilis,BC
Grindelia squarrosa,AB|BC|MB|NT|SK
Gutierrezia sarothrae,AB|MB|SK
Gymnocarpium continentale,AB|BC|MB|NB|NT|NU|ON|QC|SK|YT
Gymnocarpium disjunctum,AB|BC
Gymnocarpium dryopteris,AB|BC|MB|NB|NS|NT|NU|ON|PE|PM|QC|SK|YT
Gymnocarpium robertianum,MB|NB|ON|QC
Gymnocarpium ×achriosporum,QC
Gymnocarpium ×brittonianum,ON
Gymnocarpium ×intermedium,AB|MB|NT|ON|QC|SK|YT
Gymnocladus dioicus,ON
Hackelia americana,AB|BC|MB|NB|NT|ON|QC|SK
Hackelia ciliata,BC
Hackelia diffusa,BC
Hackelia floribunda,AB|BC|MB|ON|SK
Hackelia micrantha,AB|BC
Hackelia virginiana,ON|QC
Halenia deflexa,AB|BC|MB|NB|NS|NT|ON|PM|QC|SK
Halerpestes cymbalaria,AB|BC|MB|NB|NS|NT|NU|ON|PE|PM|QC|SK|YT
Hamamelis virginiana,NB|NS|ON|PE|QC
Harrimanella hypnoides,NU|QC
Harrimanella stelleriana,BC|YT
Hedeoma hispida,AB|BC|MB|ON|QC|SK
Hedeoma pulegioides,NB|NS|ON|QC
Hedysarum americanum,AB|BC|MB|NB|NT|NU|ON|QC|SK|YT
Hedysarum boreale,AB|BC|MB|NT|NU|ON|QC|SK|YT
Hedysarum occidentale,BC
Hedysarum sulphurescens,AB|BC
Helenium autumnale,AB|BC|MB|NT|ON|QC|SK
Helianthella uniflora,BC
Helianthus decapetalus,NB|ON|QC
Helianthus divaricatus,ON|QC
Helianthus giganteus,NB|NS|ON
Helianthus maximiliani,AB|MB|SK
Helianthus nuttallii,AB|BC|MB|SK
Helianthus pauciflorus,AB|MB|ON|QC|SK
Helianthus petiolaris,AB|MB|SK
Helianthus strumosus,ON|QC
Helianthus tuberosus,MB|ON|SK
Helictochloa hookeri,AB|BC|MB|NT|SK|YT
Heliopsis helianthoides,MB|ON|QC|SK
Heliotropium curassavicum,AB|MB|SK
Hemitomes congestum,BC
Hemizonella minima,BC
Hepatica acutiloba,ON|QC
Hepatica americana,MB|NB|NS|ON|QC
Heracleum maximum,AB|BC|MB|NB|NS|NT|ON|PE|PM|QC|SK|YT
Hesperochiron pumilus,BC
Hesperostipa comata,AB|BC|MB|ON|SK|YT
Hesperostipa curtiseta,AB|BC|MB|NT|ON|SK
Hesperostipa spartea,AB|BC|MB|ON|SK
Heteranthera dubia,BC|MB|NB|ON|QC
Heterocodon rariflorus,BC
Heterotheca villosa,AB|BC|MB|ON|SK
Heuchera americana,ON
Heuchera chlorantha,BC
Heuchera cylindrica,AB|BC
Heuchera glabra,AB|BC
Heuchera micrantha,BC
Heuchera parvifolia,AB|SK
Heuchera richardsonii,AB|BC|MB|NT|ON|SK
Hibiscus moscheutos,ON
Hieracium albiflorum,AB|BC|MB|NT|SK|YT
Hieracium groenlandicum,QC
Hieracium gronovii,ON
Hieracium paniculatum,NB|NS|ON|QC
Hieracium robinsonii,NB|NS|QC
Hieracium scabrum,NB|NS|ON|PE|QC
Hieracium scouleri,AB|BC
Hieracium triste,AB|BC|NT|YT
Hieracium umbellatum,AB|BC|MB|NB|NS|NT|ON|PE|QC|SK|YT
Hieracium venosum,ON
Hieracium ×fassettii,NB|QC
Hieracium ×grohii,QC
Hieracium ×marianum,ON
Hippuris lanceolata,MB|NT|NU|ON|QC|YT
Hippuris montana,AB|BC
Hippuris tetraphylla,BC|MB|NT|NU|ON|QC|YT
Hippuris vulgaris,AB|BC|MB|NB|NS|NT|NU|ON|PE|PM|QC|SK|YT
Holodiscus discolor,BC
Homalosorus pycnocarpos,ON|QC
Honckenya peploides,BC|MB|NB|NS|NT|NU|ON|PE|PM|QC|YT
Hordeum brachyantherum,AB|BC|QC|SK|YT
Hordeum jubatum,AB|BC|MB|NB|NS|NT|NU|ON|PE|PM|QC|SK|YT
Hordeum pusillum,AB
Hornungia procumbens,BC
Hosackia gracilis,BC
Hosackia pinnata,BC
Houstonia caerulea,NB|NS|ON|PE|PM|QC
Houstonia canadensis,ON
Houstonia longifolia,AB|MB|ON|QC|SK
Hudsonia ericoides,NS|PE|PM
Hudsonia ericoides × Hudsonia tomentosa,PE
Hudsonia tomentosa,AB|MB|NB|NS|NT|ON|PE|QC|SK
Hulteniella integrifolia,BC|NT|NU|QC|YT
Humulus lupulus,AB|MB|NB|NS|ON|PE|QC|SK
Huperzia appressa,NB|NS|ON|PM|QC
Huperzia arctica,NU|ON|QC
Huperzia continentalis,AB|BC|MB|NT|NU|ON|QC|SK|YT
Huperzia continentalis × Huperzia occidentalis,BC
Huperzia continentalis × Huperzia selago,AB|BC|NT
Huperzia lucidula,MB|NB|NS|ON|PE|PM|QC
Huperzia miyoshiana,BC
Huperzia occidentalis,AB|BC
Huperzia porophila,ON
Huperzia selago,AB|BC|MB|NB|NS|NT|NU|ON|PM|QC|SK|YT
Huperzia ×buttersii,MB|ON|QC
Huperzia ×josephbeitelii,NS|ON|PM|QC
Huperzia ×protoporophila,ON
Hydrastis canadensis,ON|QC
Hydrocotyle americana,NB|NS|ON|PE|QC
Hydrocotyle umbellata,NS
Hydrophyllum appendiculatum,ON
Hydrophyllum canadense,ON|QC
Hydrophyllum capitatum,AB|BC
Hydrophyllum fendleri,BC
Hydrophyllum tenuipes,BC
Hydrophyllum virginianum,MB|ON|QC
Hylodesmum glutinosum,NB|NS|ON|QC
Hylodesmum nudiflorum,ON|QC
Hymenopappus filifolius,AB|SK
Hymenophyllum wrightii,BC
Hymenoxys richardsonii,AB|SK
Hypericum anagalloides,BC
Hypericum ascyron,ON|QC
Hypericum boreale,MB|NB|NS|ON|PE|PM|QC
Hypericum canadense,NB|NS|ON|PE|PM|QC
Hypericum ellipticum,NB|NS|ON|QC
Hypericum fraseri,AB|MB|NB|NS|ON|PE|PM|QC|SK
Hypericum gentianoides,ON|QC
Hypericum kalmianum,ON|QC
Hypericum majus,AB|BC|MB|NB|NS|ON|PE|QC|SK
Hypericum mutilum,NB|NS|ON|PE|QC
Hypericum prolificum,ON
Hypericum punctatum,NS|ON|QC
Hypericum scouleri,AB|BC
Hypericum sphaerocarpum,ON
Hypericum virginicum,NS|ON|QC
Hypericum ×dissimulatum,NB|NS|ON|QC
Hypopitys monotropa,AB|BC|MB|NB|NS|ON|PE|PM|QC|SK
Hypoxis hirsuta,MB|ON|SK
Idahoa scapigera,BC
Ilex glabra,NS
Ilex mucronata,NB|NS|ON|PE|PM|QC
Ilex verticillata,NB|NS|ON|PE|PM|QC
Iliamna rivularis,AB|BC
Impatiens aurella,BC
Impatiens capensis,AB|MB|NB|NS|NT|ON|PE|PM|QC|SK
Impatiens ecornuta,BC
Impatiens noli-tangere,AB|BC|MB|SK|YT
Impatiens pallida,NB|NS|ON|QC
Ionactis linariifolia,NB|QC
Ionactis stenomeres,BC
Ipomoea pandurata,ON
Ipomopsis aggregata,BC
Iris brevicaulis,ON
Iris hookeri,NB|NS|PE|PM|QC
Iris lacustris,ON
Iris missouriensis,AB
Iris setosa,YT
Iris versicolor,MB|NB|NS|NU|ON|PE|PM|QC|SK
Iris virginica,ON|QC
Iris ×robusta,ON|QC
Iris ×sancti-cyri,QC
Isoetes bolanderi,AB|BC
Isoetes echinospora,AB|BC|MB|NB|NS|NT|NU|ON|PM|QC|SK|YT
Isoetes echinospora subsp. muricata × Isoetes laurentiana,QC
Isoetes engelmannii,ON
Isoetes howellii,BC
Isoetes lacustris,MB|NB|NS|NT|ON|PE|PM|QC|SK
Isoetes laurentiana,QC
Isoetes maritima,AB|BC|YT
Isoetes minima,BC
Isoetes nuttallii,BC
Isoetes occidentalis,AB|BC|YT
Isoetes prototypus,NB|NS
Isoetes septentrionalis,ON|QC
Isoetes tuckermanii,NB|NS|ON|QC
Isoetes ×blondeaui,QC
Isoetes ×eatonii,ON
Isoetes ×echtuckerii,NB|NS|ON|QC
Isoetes ×harveyi,NB|NS|ON
Isoetes ×hickeyi,MB|ON|SK
Isoetes ×jeffreyi,QC
Isoetes ×marensis,BC
Isoetes ×pseudotruncata,AB|BC
Isoetes ×robusta,ON|QC
Isoetes ×truncata,AB|BC
Isolepis cernua,BC
Isotria medeoloides,ON
Isotria verticillata,ON
Iva axillaris,AB|BC|MB|SK
Iva frutescens,NS
Jaumea carnosa,BC
Jeffersonia diphylla,ON
Juglans cinerea,NB|ON|QC
Juglans nigra,ON
Juncus acuminatus,BC|NS|ON|QC
Juncus alpinoarticulatus,AB|BC|MB|NB|NS|NT|NU|ON|PE|QC|SK|YT
Juncus amuricus,BC
Juncus anthelatus,ON|QC
Juncus arcticus,BC|MB|NT|NU|ON|QC|YT
Juncus articulatus,BC|NB|NS|ON|PE|PM|QC
Juncus balticus,AB|BC|MB|NB|NS|NT|NU|ON|PE|PM|QC|SK|YT
Juncus biflorus,ON
Juncus biglumis,AB|BC|MB|NT|NU|ON|QC|YT
Juncus bolanderi,BC
Juncus brachycarpus,ON
Juncus brachycephalus,NB|NS|ON|QC
Juncus breweri,BC
Juncus bufonius,AB|BC|MB|NB|NS|NT|NU|ON|PE|PM|QC|SK|YT
Juncus caesariensis,NS
Juncus canadensis,MB|NB|NS|ON|PE|PM|QC
Juncus castaneus,AB|BC|MB|NT|NU|ON|QC|SK|YT
Juncus confusus,AB|BC|SK
Juncus covillei,BC
Juncus drummondii,AB|BC|NT|YT
Juncus dudleyi,AB|BC|MB|NB|NS|NT|ON|PE|QC|SK
Juncus dudleyi × Juncus vaseyi,AB
Juncus effusus,BC|NB|NS|ON|QC
Juncus ensifolius,AB|BC|ON|QC|SK
Juncus falcatus,BC
Juncus filiformis,AB|BC|MB|NB|NS|NT|NU|ON|PE|PM|QC|SK|YT
Juncus gerardi,MB|NB|NS|ON|PE|PM|QC
Juncus greenei,NB|NS|ON|PE|QC
Juncus haenkei,BC
Juncus hemiendytus,BC
Juncus hesperius,BC
Juncus interior,BC|MB|ON|SK
Juncus kelloggii,BC
Juncus laccatus,BC
Juncus longistylis,AB|BC|MB|NT|ON|QC|SK
Juncus marginatus,NS|ON
Juncus mertensianus,AB|BC|NT|SK|YT
Juncus militaris,NB|NS|ON|PE|PM
Juncus nevadensis,AB|BC|SK
Juncus nodosus,AB|BC|MB|NB|NS|NT|ON|PE|QC|SK|YT
Juncus nodosus × Juncus torreyi,QC
Juncus occidentalis,BC
Juncus oxymeris,BC
Juncus parryi,AB|BC
Juncus pelocarpus,NB|NS|ON|PE|PM|QC
Juncus pylaei,NB|NS|ON|PE|PM|QC
Juncus ranarius,MB|NS|ON|PM|QC
Juncus regelii,AB|BC
Juncus saximontanus,AB|BC|SK
Juncus secundus,NS|ON
Juncus stygius,AB|BC|MB|NB|NS|NT|ON|PM|QC|SK|YT
Juncus subcaudatus,NS|PM
Juncus subtilis,NB|NU|ON|QC
Juncus supiniformis,BC
Juncus tenuis,AB|BC|MB|NB|NS|NT|ON|PE|PM|QC|SK
Juncus torreyi,AB|BC|MB|NB|ON|QC|SK
Juncus triglumis,AB|BC|MB|NT|NU|ON|QC|SK|YT
Juncus tweedyi,AB|BC|MB|NB|NS|ON|PE|PM|QC|SK
Juncus vaseyi,AB|BC|MB|NB|NS|NT|ON|QC|SK
Juncus ×alpiniformis,BC|NB
Juncus ×fulvescens,NS|PE
Juncus ×gracilescens,NB|ON
Juncus ×lemieuxii,NB|NS|ON|QC
Juncus ×nodosiformis,NB|ON|QC
Juncus ×stuckeyi,QC
Juniperus communis,AB|BC|MB|NB|NS|NT|NU|ON|PE|PM|QC|SK|YT
Juniperus horizontalis,AB|BC|MB|NB|NS|NT|NU|ON|PE|PM|QC|SK|YT
Juniperus maritima,BC
Juniperus scopulorum,AB|BC|SK
Juniperus virginiana,ON|QC
Juniperus ×fassettii,BC
Justicia americana,ON|QC
Kalmia angustifolia,NB|NS|ON|PE|PM|QC
Kalmia microphylla,AB|BC|MB|NT|ON|YT
Kalmia polifolia,AB|MB|NB|NS|NT|NU|ON|PE|PM|QC|SK
Kalmia procumbens,AB|BC|MB|NT|NU|ON|PM|QC|SK|YT
Koeleria asiatica,NT|YT
Koeleria macrantha,AB|BC|MB|NT|ON|SK|YT
Koeleria spicata,AB|BC|MB|NB|NS|NT|NU|ON|PM|QC|SK|YT
Koenigia alaskana,NT|YT
Koenigia islandica,AB|BC|MB|NT|NU|ON|QC|YT
Kopsiopsis hookeri,BC
Krascheninnikovia lanata,AB|MB|SK|YT
Krigia biflora,MB|ON
Krigia virginica,ON
Lachnanthes caroliniana,NS
Lactuca biennis,AB|BC|MB|NB|NS|ON|PE|PM|QC|SK
Lactuca canadensis,MB|NB|NS|ON|PE|QC
Lactuca floridana,MB|ON
Lactuca hirsuta,NS|ON|PE|QC
Lactuca ludoviciana,MB|SK
Lactuca oblongifolia,AB|BC|MB|NT|ON|QC|SK
Ladeania lanceolata,AB|SK
Lagotis glauca,NT|YT
Laportea canadensis,AB|MB|NB|NS|ON|PE|QC|SK
Lappula fremontii,AB|BC|YT
Lappula montana,BC
Lappula occidentalis,AB|BC|MB|NT|SK|YT
Larix laricina,AB|BC|MB|NB|NS|NT|NU|ON|PE|PM|QC|SK|YT
Larix lyallii,AB|BC
Larix occidentalis,AB|BC
Lasthenia glaberrima,BC
Lasthenia maritima,BC
Lathrocasis tenerrima,BC
Lathyrus japonicus,BC|MB|NB|NS|NT|NU|ON|PE|PM|QC|YT
Lathyrus lanszwertii,BC
Lathyrus littoralis,BC
Lathyrus nevadensis,BC
Lathyrus ochroleucus,AB|BC|MB|NT|NU|ON|QC|SK|YT
Lathyrus palustris,AB|BC|MB|NB|NS|NU|ON|PE|PM|QC|SK
Lathyrus venosus,AB|MB|ON|QC|SK
Lechea intermedia,AB|MB|NB|NS|ON|PE|QC|SK
Lechea maritima,NB|PE
Lechea mucronata,ON
Lechea pulchella,ON
Lechea stricta,ON
Leersia oryzoides,BC|MB|NB|NS|ON|PE|QC|SK
Leersia virginica,NB|ON|QC
Lemna minor,AB|BC|ON|QC|SK
Lemna minuta,BC
Lemna perpusilla,QC
Lemna trisulca,AB|BC|MB|NB|NS|NT|NU|ON|PE|QC|SK|YT
Lemna turionifera,AB|BC|MB|NB|NS|NT|ON|PE|QC|SK|YT
Lepidium densiflorum,AB|MB|NT|SK
Lepidium ramosissimum,AB|BC|MB|NT|SK|YT
Lepidium virginicum,BC|ON
Leptarrhena pyrolifolia,AB|BC|NT|YT
Leptosiphon harknessii,BC
Leptosiphon minimus,BC
Leptosiphon septentrionalis,AB|BC|SK
Lespedeza capitata,NB|ON|QC
Lespedeza frutescens,ON
Lespedeza hirta,ON
Lespedeza procumbens,ON
Lespedeza violacea,ON
Lespedeza virginica,ON
Lespedeza ×longifolia,ON
Lespedeza ×nuttallii,ON
Leucophysalis grandiflora,AB|MB|ON|QC|SK
Leucospora multifida,ON|QC
Lewisia columbiana,BC
Lewisia pygmaea,AB|BC|YT
Lewisia rediviva,AB|BC
Lewisia triphylla,BC
Lewisiopsis tweedyi,BC
Leymus cinereus,AB|BC|SK
Leymus innovatus,AB|BC|MB|NT|ON|SK|YT
Leymus mollis,AB|BC|MB|NB|NS|NT|NU|ON|PE|PM|QC|SK|YT
Leymus triticoides,BC
Leymus ×vancouverensis,BC
Liatris aspera,ON
Liatris cylindracea,ON
Liatris ligulistylis,AB|MB|SK
Liatris punctata,AB|MB|SK
Liatris spicata,ON
Liatris ×gladewitzii,ON
Liatris ×spheroidea,ON
Ligusticum calderi,BC
Ligusticum canbyi,BC
Ligusticum scoticum,BC|NB|NS|NU|ON|PE|PM|QC
Lilaeopsis chinensis,NS
Lilaeopsis occidentalis,BC
Lilium canadense,NB|NS|ON|QC
Lilium columbianum,BC
Lilium michiganense,ON
Lilium philadelphicum,AB|BC|MB|ON|QC|SK
Limnanthes macounii,BC
Limonium carolinianum,NB|NS|PE|QC
Limosella aquatica,AB|BC|MB|NT|NU|ON|QC|SK|YT
Limosella australis,NB|NS|PE|PM|QC
Linanthus pungens,BC
Lindera benzoin,ON
Lindernia dubia,BC|NB|NS|ON|PE|QC
Linnaea borealis,AB|BC|MB|NB|NS|NT|NU|ON|PE|PM|QC|SK|YT
Linum compactum,AB|SK
Linum lewisii,AB|BC|MB|NT|NU|ON|SK|YT
Linum medium,ON
Linum rigidum,AB|MB|SK
Linum striatum,ON
Linum sulcatum,MB|ON
Linum virginianum,ON
Liparis liliifolia,ON|QC
Liparis loeselii,AB|BC|MB|NB|NS|NT|ON|PE|QC|SK
Liriodendron tulipifera,ON
Lithophragma glabrum,AB|BC|SK
Lithophragma parviflorum,AB|BC
Lithophragma tenellum,BC
Lithospermum canescens,MB|ON|SK
Lithospermum caroliniense,ON
Lithospermum incisum,AB|BC|MB|ON|SK
Lithospermum latifolium,ON|QC
Lithospermum occidentale,AB|MB|ON|SK
Lithospermum parviflorum,ON|QC
Lithospermum ruderale,AB|BC|SK
Littorella americana,NB|NS|ON|PM|QC
Lobelia cardinalis,NB|ON|QC
Lobelia dortmanna,AB|BC|MB|NB|NS|NT|ON|PE|PM|QC|SK
Lobelia inflata,NB|NS|ON|PE|QC
Lobelia kalmii,AB|BC|MB|NB|NS|NT|NU|ON|QC|SK
Lobelia siphilitica,ON
Lobelia spicata,AB|MB|ON|QC|SK
Lobelia ×speciosa,ON
Lomatium ambiguum,BC
Lomatium brandegeei,BC
Lomatium brevifolium,BC
Lomatium brunsfeldianum,BC
Lomatium cous,AB
Lomatium dissectum,BC
Lomatium foeniculaceum,AB|BC|MB|SK
Lomatium geyeri,BC
Lomatium macrocarpum,AB|BC|MB|SK
Lomatium martindalei,BC
Lomatium multifidum,AB|BC|SK
Lomatium nudicaule,BC
Lomatium orientale,MB|SK
Lomatium papilioniferum,BC
Lomatium sandbergii,AB|BC
Lomatium simplex,AB|BC
Lomatium utriculatum,BC
Lomatogonium rotatum,AB|BC|MB|NB|NT|NU|ON|QC|SK|YT
Lonicera caerulea,AB|MB|NB|NS|NU|ON|PE|PM|QC|SK
Lonicera canadensis,MB|NB|NS|ON|PE|QC
Lonicera ciliosa,BC
Lonicera dioica,AB|BC|MB|NT|ON|QC|SK|YT
Lonicera hirsuta,ON|QC
Lonicera hispidula,BC
Lonicera involucrata,AB|BC|MB|NU|ON|QC|SK
Lonicera oblongifolia,MB|NB|ON|QC|SK
Lonicera utahensis,AB|BC
Lophiola aurea,NS
Lorinseria areolata,NS
Ludwigia alternifolia,ON
Ludwigia palustris,BC|NB|NS|ON|QC
Ludwigia polycarpa,ON
Luetkea pectinata,AB|BC|NT|YT
Luina hypoleuca,BC
Lupinus arcticus,BC|NT|NU|YT
Lupinus argenteus,AB|BC|SK
Lupinus bicolor,BC
Lupinus kuschei,BC|YT
Lupinus latifolius,BC
Lupinus lepidus,AB|BC
Lupinus leucophyllus,BC
Lupinus littoralis,BC
Lupinus microcarpus,BC
Lupinus nootkatensis,AB|BC|YT
Lupinus perennis,ON
Lupinus polyphyllus,AB|BC
Lupinus pusillus,AB|SK
Lupinus rivularis,BC
Lupinus sericeus,AB|BC
Lupinus sulphureus,BC
Luzula acuminata,MB|NB|NS|ON|PE|PM|QC|SK
Luzula arcuata,AB|BC|NT|YT
Luzula comosa,AB|BC|SK
Luzula confusa,BC|MB|NT|NU|ON|QC|SK|YT
Luzula echinata,ON
Luzula groenlandica,AB|MB|NT|NU|ON|QC|YT
Luzula hitchcockii,AB|BC
Luzula kjellmaniana,NT|YT
Luzula macrantha,BC
Luzula multiflora,AB|BC|MB|NB|NS|NT|NU|ON|PE|PM|QC|SK|YT
Luzula nivalis,BC|NT|NU|QC|YT
Luzula parviflora,AB|BC|MB|NB|NS|NT|NU|ON|PM|QC|SK|YT
Luzula piperi,AB|BC|YT
Luzula rufescens,AB|BC|NT|YT
Luzula spicata,AB|BC|MB|NS|NT|NU|PM|QC|YT
Luzula subsessilis,BC
Luzula wahlenbergii,MB|NT|NU|QC|YT
Lycopodiella appressa,NS|PM
Lycopodiella inundata,AB|BC|MB|NB|NS|ON|PE|PM|QC|SK
Lycopodium clavatum,BC|MB|NB|NS|NU|ON|PE|PM|QC|SK
Lycopodium lagopus,AB|BC|MB|NB|NS|NT|NU|ON|PE|QC|SK|YT
Lycopus americanus,AB|BC|MB|NB|NS|ON|PE|QC|SK
Lycopus asper,AB|BC|MB|ON|QC|SK
Lycopus rubellus,ON
Lycopus uniflorus,AB|BC|MB|NB|NS|NT|ON|PE|PM|QC|SK
Lycopus virginicus,ON|QC
Lycopus ×sherardii,ON|QC
Lygodesmia juncea,AB|BC|MB|SK
Lyonia ligustrina,NS
Lysichiton americanus,BC
Lysimachia borealis,AB|MB|NB|NS|NU|ON|PE|PM|QC|SK
Lysimachia ciliata,AB|BC|MB|NB|NS|ON|PE|QC|SK
Lysimachia europaea,AB|BC|NT|SK|YT
Lysimachia hybrida,AB|MB|NB|ON|QC|SK
Lysimachia lanceolata,ON
Lysimachia latifolia,BC|YT
Lysimachia maritima,AB|BC|MB|NB|NS|NT|NU|ON|PE|PM|QC|SK
Lysimachia minima,AB|BC|NS|SK
Lysimachia quadriflora,MB|ON
Lysimachia quadrifolia,NB|ON|QC
Lysimachia terrestris,MB|NB|NS|ON|PE|PM|QC
Lysimachia thyrsiflora,AB|BC|MB|NB|NS|NT|ON|PE|QC|SK|YT
Lysimachia ×commixta,NB|ON|PE|QC
Lysimachia ×producta,NB|ON|QC
Lythrum alatum,ON
Machaeranthera tanacetifolia,AB
Madia exigua,BC
Madia gracilis,BC
Magnolia acuminata,ON
Mahonia aquifolium,AB|BC
Mahonia nervosa,BC
Mahonia repens,AB|BC
Maianthemum amplexicaule,AB|BC|NT|SK
Maianthemum canadense,AB|BC|MB|NB|NS|NT|ON|PE|PM|QC|SK|YT
Maianthemum dilatatum,BC
Maianthemum racemosum,MB|NB|NS|ON|PE|QC
Maianthemum stellatum,AB|BC|MB|NB|NS|NT|ON|PE|PM|QC|SK|YT
Maianthemum trifolium,AB|BC|MB|NB|NS|NT|NU|ON|PE|PM|QC|SK|YT
Malaxis bayardii,NS
Malaxis monophyllos,AB|BC|MB|NB|NS|NT|ON|PE|QC|SK
Malaxis paludosa,AB|BC|MB|NT|ON|SK|YT
Malaxis unifolia,MB|NB|NS|ON|PE|PM|QC
Malus coronaria,ON
Malus fusca,BC
Marah oregana,BC
Marsilea vestita,AB|BC|SK
Matricaria discoidea,BC
Matteuccia pensylvanica,AB|BC|MB|NB|NS|NT|ON|PE|QC|SK|YT
Meconella oregana,BC
Medeola virginiana,NB|NS|ON|PE|QC
Melampyrum lineare,AB|BC|MB|NB|NS|ON|PE|QC|SK
Melanocalyx uniflora,AB|BC|MB|NT|NU|ON|QC|YT
Melica bulbosa,BC|SK
Melica fugax,BC
Melica harfordii,BC
Melica smithii,AB|BC|ON|QC
Melica spectabilis,AB|BC
Melica subulata,AB|BC
Menispermum canadense,MB|ON|QC
Mentha canadensis,AB|BC|MB|NB|NS|NT|ON|PE|PM|QC|SK|YT
Mentzelia albicaulis,BC|SK
Mentzelia decapetala,AB|MB|SK
Mentzelia dispersa,BC
Mentzelia laevicaulis,BC
Menyanthes trifoliata,AB|BC|MB|NB|NS|NT|NU|ON|PE|PM|QC|SK|YT
Menziesia ferruginea,AB|BC
Mertensia drummondii,NT|NU
Mertensia lanceolata,AB|MB|SK
Mertensia longiflora,AB|BC
Mertensia maritima,BC|MB|NB|NS|NT|NU|ON|PM|QC|YT
Mertensia paniculata,AB|BC|MB|NT|ON|QC|SK|YT
Mertensia virginica,ON|QC
Micranthes ferruginea,AB|BC|NT
Micranthes foliolosa,NT|NU|QC|YT
Micranthes gaspensis,QC
Micranthes hieraciifolia,BC|NT|NU|YT
Micranthes idahoensis,BC
Micranthes integrifolia,BC
Micranthes lyallii,AB|BC|NT|YT
Micranthes lyallii × Micranthes odontoloma,BC
Micranthes nelsoniana,AB|BC|NT|NU|YT
Micranthes nidifica,BC
Micranthes nivalis,AB|BC|NT|NU|QC|YT
Micranthes occidentalis,AB|BC|SK
Micranthes odontoloma,AB|BC
Micranthes pensylvanica,MB|ON|SK
Micranthes razshivinii,BC|NT|YT
Micranthes reflexa,BC|NT|YT
Micranthes rufidula,BC
Micranthes rufopilosa,YT
Micranthes spicata,YT
Micranthes stellaris,NU|QC
Micranthes tenuis,BC|NT|NU|QC|YT
Micranthes tischii,BC
Micranthes tolmiei,BC
Micranthes virginiensis,MB|NB|ON|QC
Microgilia minutiflora,BC
Microseris bigelovii,BC
Microseris borealis,BC
Microseris nutans,AB|BC
Microsteris gracilis,AB|BC
Milium effusum,MB|NB|NS|ON|QC|SK
Mimulus alatus,ON
Mimulus alatus × Mimulus ringens,ON
Mimulus ringens,AB|MB|NB|NS|ON|PE|QC|SK
Mirabilis albida,AB|MB|SK
Mirabilis linearis,AB|MB|SK
Mirabilis nyctaginea,AB|MB|ON|SK
Mitchella repens,NB|NS|ON|PE|PM|QC
Mitella diphylla,ON|QC
Mitella nuda,AB|BC|MB|NB|NS|NT|NU|ON|PE|PM|QC|SK|YT
Mitellastra caulescens,BC
Moehringia lateriflora,AB|BC|MB|NB|NS|NT|NU|ON|PE|PM|QC|SK|YT
Moehringia macrophylla,BC|MB|NT|ON|QC|SK
Monarda didyma,ON
Monarda fistulosa,AB|BC|MB|ON|QC|SK
Monarda punctata,ON|QC
Monarda ×media,ON
Monardella odoratissima,BC
Moneses uniflora,AB|BC|MB|NB|NS|NT|NU|ON|PE|PM|QC|SK|YT
Mononeuria groenlandica,NS|ON|QC
Monotropa uniflora,AB|BC|MB|NB|NS|NT|ON|PE|PM|QC|SK
Montia bostockii,BC|YT
Montia chamissoi,BC
Montia dichotoma,BC
Montia diffusa,BC
Montia fontana,BC|MB|NB|NS|NT|NU|ON|PE|PM|QC|YT
Montia howellii,BC
Montia linearis,AB|BC|SK
Montia parvifolia,AB|BC
Morella californica,BC
Morella pensylvanica,NB|NS|ON|PE|PM|QC
Morus rubra,ON
Muhlenbergia andina,AB|BC|MB|SK
Muhlenbergia asperifolia,AB|BC|MB|SK
Muhlenbergia cuspidata,AB|MB|ON|SK
Muhlenbergia filiformis,BC
Muhlenbergia frondosa,NB|ON|QC
Muhlenbergia glomerata,AB|BC|MB|NB|NS|NT|ON|PE|PM|QC|SK|YT
Muhlenbergia mexicana,BC|MB|NB|NS|ON|QC|YT
Muhlenbergia paniculata,AB|MB|SK
Muhlenbergia racemosa,AB|BC|MB|NT|ON|QC|SK
Muhlenbergia richardsonis,AB|BC|MB|NB|NT|ON|QC|SK|YT
Muhlenbergia schreberi,ON
Muhlenbergia sobolifera,ON
Muhlenbergia sylvatica,ON|QC
Muhlenbergia tenuiflora,ON|QC
Muhlenbergia uniflora,NB|NS|ON|PE|PM|QC
Muhlenbergia ×curtisetosa,ON
Munroa squarrosa,AB|SK
Musineon divaricatum,AB|MB|SK
Myosotis asiatica,AB|BC|NT|YT
Myosotis laxa,AB|BC|NB|NS|ON|PE|PM|QC
Myosotis macrosperma,ON
Myosotis verna,BC|ON|QC
Myosurus apetalus,AB|BC|SK
Myosurus minimus,AB|BC|MB|ON|SK
Myrica gale,AB|BC|MB|NB|NS|NT|NU|ON|PE|PM|QC|SK|YT
Myriophyllum alterniflorum,MB|NB|NS|NT|ON|PM|QC|SK
Myriophyllum farwellii,BC|MB|NB|NS|ON|QC
Myriophyllum heterophyllum,NB|ON|PE|QC
Myriophyllum hippuroides,BC
Myriophyllum humile,NB|NS|QC
Myriophyllum pinnatum,BC|SK
Myriophyllum quitense,BC
Myriophyllum sibiricum,AB|BC|MB|NB|NS|NT|NU|ON|PE|QC|SK|YT
Myriophyllum tenellum,NB|NS|ON|PE|PM|QC
Myriophyllum ussuriense,BC
Myriophyllum verticillatum,AB|BC|MB|NB|NS|NT|NU|ON|PE|PM|QC|SK|YT
Myriopteris gracilis,AB|BC
Myriopteris gracillima,AB|BC
Nabalus albus,MB|ON|QC|SK
Nabalus altissimus,NB|NS|ON|PE|QC
Nabalus hastatus,AB|BC
Nabalus racemosus,AB|BC|MB|NB|NS|ON|QC|SK
Nabalus sagittatus,AB|BC
Nabalus trifoliolatus,NB|NS|PE|PM|QC
Nabalus ×mainensis,NB|NS|QC
Najas canadensis,ON|QC
Najas flexilis,AB|BC|MB|NB|NS|NT|ON|PE|QC|SK|YT
Najas gracillima,NB|NS|ON|QC
Najas guadalupensis,AB|MB|ON|QC
Nardus stricta,QC
Nassella viridula,AB|BC|MB|NT|SK
Navarretia divaricata,BC
Navarretia intertexta,BC
Navarretia propinqua,BC
Navarretia saximontana,AB|SK
Navarretia squarrosa,BC
Nelumbo lutea,ON
Nemophila breviflora,AB|BC
Nemophila parviflora,BC
Nemophila pedunculata,BC
Neoholmgrenia andina,AB|BC|SK
Neottia auriculata,MB|NB|ON|QC
Neottia banksiana,AB|BC
Neottia bifolia,NB|NS|ON|QC
Neottia borealis,AB|BC|MB|NT|NU|ON|QC|SK|YT
Neottia convallarioides,AB|BC|NB|NS|ON|PE|PM|QC
Neottia cordata,AB|BC|MB|NB|NS|NT|NU|ON|PE|PM|QC|SK|YT
Neottia ×veltmanii,NB|ON|QC
Nephrophyllidium crista-galli,BC
Nestotus macleanii,YT
Nicotiana attenuata,BC
Noccaea arctica,YT
Nothocalais cuspidata,AB|MB|SK
Nothocalais troximoides,BC
Nothochelone nemorosa,BC
Nuphar advena,ON
Nuphar microphylla,MB|NB|NS|ON|QC
Nuphar polysepala,BC|NT|YT
Nuphar variegata,AB|BC|MB|NB|NS|NT|ON|PE|PM|QC|SK|YT
Nuphar ×rubrodisca,NB|NS|ON|QC
Nuttallanthus canadensis,NB|NS|ON|QC
Nuttallanthus texanus,AB|BC|SK
Nymphaea leibergii,AB|BC|MB|NT|ON|QC|SK
Nymphaea loriana,MB|SK
Nymphaea odorata,MB|NB|NS|ON|PE|QC|SK
Nymphaea tetragona,AB|BC|MB|NT|SK|YT
Nymphoides cordata,NB|NS|ON|QC
Nyssa sylvatica,ON
Oclemena acuminata,NB|NS|ON|PE|QC
Oclemena nemoralis,NB|NS|ON|PE|PM|QC
Oclemena ×blakei,NB|NS|ON|PE|QC
Odontarrhena americana,YT
Oemleria cerasiformis,BC
Oenanthe sarmentosa,BC
Oenothera biennis,AB|MB|NB|NS|ON|PE|QC|SK
Oenothera cespitosa,AB|MB|SK
Oenothera clelandii,ON
Oenothera flava,AB|MB|SK
Oenothera fruticosa,MB
Oenothera gaura,ON|QC
Oenothera nutans,ON
Oenothera nuttallii,AB|MB|SK
Oenothera oakesiana,NB|ON|PE|QC
Oenothera pallida,BC
Oenothera parviflora,MB|NB|NS|ON|PE|PM|QC
Oenothera perennis,MB|NB|NS|ON|PE|PM|QC
Oenothera pilosella,ON|QC
Oenothera serrulata,AB|MB|SK
Oenothera suffrutescens,AB|BC|MB|SK
Oenothera villosa,AB|BC|MB|NS|ON|QC|SK
Olsynium douglasii,BC
Omalotheca norvegica,QC
Omalotheca supina,QC
Omalotheca sylvatica,NB|NS|ON|PE|PM|QC
Onoclea sensibilis,MB|NB|NS|ON|PE|PM|QC
Ophioglossum pusillum,BC|MB|NB|NS|ON|PE|PM|QC
Oplopanax horridus,AB|BC|ON|YT
Opuntia cespitosa,ON
Opuntia fragilis,AB|BC|MB|ON|SK
Opuntia polyacantha,AB|SK
Opuntia ×columbiana,BC
Oreocarya glomerata,AB|BC|SK
Oreojuncus trifidus,NB|NS|NU|PM|QC
Oreomecon alborosea,BC|YT
Oreomecon cornwallisensis,NT|NU|YT
Oreomecon dahliana,NT|NU|YT
Oreomecon hultenii,NT|NU|YT
Oreomecon keelei,NT|YT
Oreomecon kluanensis,AB|BC|YT
Oreomecon labradorica,NU|QC
Oreomecon lapponica,BC|NT|NU|YT
Oreomecon mcconnellii,NT|YT
Oreomecon nudicaulis,BC|YT
Oreomecon pygmaea,AB|BC
Oreomecon walpolei,YT
Oreopteris quelpartensis,BC
Orthilia secunda,AB|BC|MB|NB|NS|NT|NU|ON|PE|PM|QC|SK|YT
Orthocarpus barbatus,BC
Orthocarpus bracteosus,BC
Orthocarpus imbricatus,BC
Orthocarpus luteus,AB|BC|MB|NT|SK|YT
Orthocarpus tenuifolius,BC
Oryzopsis asperifolia,AB|BC|MB|NB|NS|NT|ON|PE|QC|SK|YT
Osmorhiza berteroi,AB|BC|NB|NS|ON|QC|SK
Osmorhiza claytonii,MB|NB|NS|ON|PE|QC
Osmorhiza depauperata,AB|BC|MB|NB|NS|NT|NU|ON|QC|SK|YT
Osmorhiza longistylis,AB|MB|NB|NS|ON|PE|QC|SK
Osmorhiza occidentalis,AB|BC
Osmorhiza purpurea,AB|BC
Osmunda spectabilis,NB|NS|ON|PE|PM|QC
Osmundastrum cinnamomeum,NB|NS|ON|PE|PM|QC
Ostrya virginiana,MB|NB|NS|ON|PE|QC
Oxalis montana,NB|NS|ON|PE|PM|QC
Oxalis oregana,BC
Oxybasis chenopodioides,BC
Oxybasis rubra,AB|BC|MB|NB|NS|NT|ON|QC|SK|YT
Oxybasis salina,AB|BC|MB|NT|NU|ON|QC|SK
Oxypolis occidentalis,BC
Oxypolis rigidior,ON
Oxyria digyna,AB|BC|NS|NT|NU|QC|YT
Oxytropis arctica,MB|NT|NU|YT
Oxytropis besseyi,SK
Oxytropis borealis,AB|BC|NT|NU|ON|QC|YT
Oxytropis campestris,AB|BC|MB|NB|NS|NT|NU|ON|QC|SK|YT
Oxytropis deflexa,AB|BC|MB|NB|NT|NU|ON|QC|SK|YT
Oxytropis huddelsonii,BC|YT
Oxytropis lagopus,AB
Oxytropis lambertii,MB|SK
Oxytropis maydelliana,BC|MB|NT|NU|QC|YT
Oxytropis mertensiana,YT
Oxytropis nigrescens,BC|NT|NU|QC|YT
Oxytropis podocarpa,AB|BC|NU|QC
Oxytropis scammaniana,BC|NT|YT
Oxytropis sericea,AB|BC|MB|SK|YT
Oxytropis splendens,AB|BC|MB|NT|ON|SK|YT
Ozomelis trifida,AB|BC
Packera aurea,MB|NB|NS|ON|PE|PM|QC
Packera aurea × Packera schweinitziana,NB
Packera cana,AB|BC|MB|SK
Packera contermina,AB|BC
Packera heterophylla,AB|BC|NT|QC|YT
Packera hyperborealis,NT|NU|YT
Packera indecora,AB|BC|MB|NT|NU|ON|QC|SK|YT
Packera macounii,BC
Packera obovata,ON|QC
Packera ogotorukensis,BC|NT|YT
Packera pauciflora,AB|BC|NT|ON|QC|SK|YT
Packera paupercula,AB|BC|MB|NB|NS|NT|NU|ON|PE|QC|SK|YT
Packera plattensis,BC|ON|SK
Packera pseudaurea,AB|BC|ON|SK
Packera schweinitziana,NB|NS|PE|QC
Packera streptanthifolia,AB|BC|NT|SK|YT
Packera subnuda,AB|BC
Packera tridenticulata,MB
Palustricodon aparinoides,AB|MB|NB|NS|ON|QC|SK
Panax quinquefolius,ON|QC
Panax trifolius,NB|NS|ON|PE|QC
Panicum capillare,AB|BC|MB|NB|NS|NT|ON|QC|SK
Panicum flexile,ON|QC
Panicum gattingeri,ON|QC
Panicum philadelphicum,NB|NS|ON|QC
Panicum tuckermanii,NB|NS|ON|QC
Panicum virgatum,MB|NS|ON|QC|SK
Parietaria pensylvanica,AB|BC|MB|ON|QC|SK|YT
Parnassia fimbriata,AB|BC|NT|YT
Parnassia glauca,MB|NB|ON|QC|SK
Parnassia kotzebuei,AB|BC|MB|NT|NU|ON|QC|SK|YT
Parnassia palustris,AB|BC|MB|NT|NU|ON|QC|SK|YT
Parnassia parviflora,AB|BC|MB|NS|NU|ON|PE|QC|SK
Parogonum ciliinode,MB|NB|NS|ON|PE|QC|SK
Paronychia canadensis,ON
Paronychia fastigiata,ON
Paronychia sessiliflora,AB|SK
Parrya arctica,NT|NU
Parrya nudicaulis,BC|NT|NU|YT
Parthenocissus quinquefolia,ON
Parthenocissus vitacea,MB|NB|NS|ON|QC|SK
Pascopyrum smithii,AB|BC|MB|ON|SK
Paspalum setaceum,ON
Patis racemosa,ON|QC
Paxistima myrsinites,AB|BC
Pectiantia pentandra,AB|BC|NT|YT
Pectocarya penicillata,BC
Pedicularis bracteosa,AB|BC
Pedicularis canadensis,MB|NB|ON|QC
Pedicularis capitata,AB|BC|NT|NU|YT
Pedicularis contorta,AB|BC
Pedicularis flammea,AB|MB|NT|NU|ON|QC
Pedicularis furbishiae,NB
Pedicularis groenlandica,AB|BC|MB|NT|NU|ON|QC|SK|YT
Pedicularis hirsuta,NT|NU|QC
Pedicularis labradorica,AB|BC|MB|NT|NU|ON|QC|SK|YT
Pedicularis lanata,AB|BC|NT|NU|QC|YT
Pedicularis lanceolata,MB|ON
Pedicularis langsdorffii,AB|BC|NT|NU|YT
Pedicularis lapponica,MB|NT|NU|ON|QC|YT
Pedicularis oederi,AB|BC|NT|YT
Pedicularis ornithorhynchos,BC
Pedicularis palustris,NS|QC
Pedicularis parviflora,AB|BC|MB|NT|NU|ON|QC|SK|YT
Pedicularis pennellii,BC
Pedicularis racemosa,AB|BC
Pedicularis sudetica,AB|BC|MB|NT|NU|ON|QC|YT
Pedicularis verticillata,BC|NT|YT
Pediomelum argophyllum,AB|MB|SK
Pediomelum esculentum,AB|MB|SK
Pelecyphora vivipara,AB|MB|SK
Pellaea atropurpurea,ON|QC
Pellaea breweri,BC
Pellaea gastonyi,AB|BC|MB|SK
Pellaea glabella,AB|BC|MB|NT|ON|QC|SK
Peltandra virginica,ON|QC
Penstemon albertinus,AB|BC
Penstemon albidus,AB|MB|SK
Penstemon confertus,AB|BC|SK
Penstemon davidsonii,BC
Penstemon ellipticus,AB|BC
Penstemon eriantherus,AB|BC
Penstemon fruticosus,AB|BC
Penstemon gormanii,BC|NT|YT
Penstemon gracilis,AB|BC|MB|ON|SK
Penstemon hirsutus,ON|QC
Penstemon lyallii,AB|BC
Penstemon nitidus,AB|BC|MB|SK
Penstemon ovatus,BC
Penstemon procerus,AB|BC|MB|SK|YT
Penstemon pruinosus,BC
Penstemon richardsonii,BC
Penstemon serrulatus,BC
Pentagramma triangularis,BC
Penthorum sedoides,MB|NB|ON|QC
Perideridia montana,AB|BC|SK
Peritoma serrulata,AB|BC|MB|SK
Persicaria amphibia,AB|BC|MB|NB|NS|NT|ON|PE|PM|QC|SK|YT
Persicaria arifolia,NB|NS|ON|PE|QC
Persicaria careyi,NB|ON|QC
Persicaria coccinea,AB|BC|MB|NB|NS|NT|ON|QC|SK|YT
Persicaria hydropiperoides,BC|NB|NS|ON|QC
Persicaria hydropiperoides × Persicaria robustior,NS
Persicaria lapathifolia,AB|BC|MB|NB|NS|ON|PE|PM|QC|SK
Persicaria pensylvanica,NB|NS|ON|PE|QC
Persicaria punctata,BC|MB|NB|NS|ON|PE|QC|SK
Persicaria robustior,NS|ON|QC
Persicaria sagittata,MB|NB|NS|ON|PE|PM|QC
Persicaria virginiana,ON|QC
Petasites frigidus,AB|BC|MB|NB|NS|NT|NU|ON|PE|QC|SK|YT
Phacelia campanularia,AB
Phacelia franklinii,AB|BC|MB|NT|ON|SK|YT
Phacelia hastata,AB|BC
Phacelia heterophylla,BC
Phacelia leptosepala,BC
Phacelia linearis,AB|BC
Phacelia lyallii,AB|BC
Phacelia mollis,YT
Phacelia purshii,ON
Phacelia ramosissima,BC
Phacelia sericea,AB|BC
Phalaris arundinacea,AB|BC|MB|NB|NS|NT|ON|PM|QC|SK|YT
Phegopteris connectilis,AB|BC|MB|NB|NS|NT|ON|PE|PM|QC|SK|YT
Phegopteris excelsior,NS|QC
Phegopteris hexagonoptera,ON|QC
Phemeranthus sediformis,BC
Philadelphus lewisii,AB|BC
Phippsia algida,BC|NT|NU|QC|YT
Phippsia concinna,NT|NU
Phleum alpinum,AB|BC|NS|NT|ON|PM|QC|SK|YT
Phlox alaskensis,NT|YT
Phlox alyssifolia,AB|SK
Phlox caespitosa,BC
Phlox diffusa,BC
Phlox divaricata,ON
Phlox hoodii,AB|MB|SK
Phlox longifolia,BC
Phlox pilosa,MB
Phlox richardsonii,NT|NU|YT
Phlox speciosa,BC
Phlox subulata,ON
Phragmites australis,AB|BC|MB|NB|NS|NT|ON|PE|QC|SK
Phryma leptostachya,MB|NB|ON|QC
Phyla lanceolata,ON
Phyllodoce caerulea,MB|NS|NT|NU|ON|QC
Phyllodoce empetriformis,AB|BC|NT|YT
Phyllodoce glanduliflora,AB|BC|NT|YT
Phyllodoce ×intermedia,AB|BC|YT
Phyllospadix scouleri,BC
Phyllospadix serrulatus,BC
Phyllospadix torreyi,BC
Physalis heterophylla,ON|QC
Physalis longifolia,ON
Physalis virginiana,MB|ON
Physaria arctica,AB|BC|MB|NT|NU|QC|YT
Physaria arenosa,AB|MB|SK
Physaria calderi,NT|YT
Physaria didymocarpa,AB|BC
Physaria douglasii,BC
Physaria spatulata,AB|SK
Physematium obtusum,ON|QC
Physematium oreganum,AB|BC|MB|ON|QC|SK
Physematium scopulinum,AB|BC|MB|ON|QC|SK|YT
Physematium ×maxonii,ON
Physocarpus capitatus,BC
Physocarpus intermedius,ON
Physocarpus malvaceus,AB|BC
Physocarpus opulifolius,NB|NS|ON|QC
Physostegia ledinghamii,AB|MB|NT|SK
Physostegia parviflora,AB|BC|MB|SK
Physostegia virginiana,MB|ON|QC
Phytolacca americana,NB|ON|QC
Picea engelmannii,AB|BC
Picea glauca,AB|BC|MB|NB|NS|NT|NU|ON|PE|PM|QC|SK|YT
Picea mariana,AB|BC|MB|NB|NS|NT|NU|ON|PE|PM|QC|SK|YT
Picea mariana × Picea rubens,NB
Picea rubens,NB|NS|ON|PE|PM|QC
Picea sitchensis,BC
Picea ×albertiana,AB|BC|MB|SK
Picea ×lutzii,BC
Picradeniopsis oppositifolia,AB|SK
Pilea fontana,ON|QC
Pilea pumila,NB|NS|ON|PE|QC
Pinguicula villosa,AB|BC|MB|NT|NU|ON|QC|SK|YT
Pinguicula vulgaris,AB|BC|MB|NB|NS|NT|NU|ON|PM|QC|SK|YT
Pinus albicaulis,AB|BC
Pinus banksiana,AB|BC|MB|NB|NS|NT|NU|ON|PE|QC|SK
Pinus contorta,AB|BC|NT|SK|YT
Pinus flexilis,AB|BC
Pinus monticola,AB|BC
Pinus ponderosa,BC
Pinus resinosa,MB|NB|NS|ON|PE|QC
Pinus rigida,ON|QC
Pinus strobus,MB|NB|NS|ON|PE|PM|QC
Pinus ×murraybanksiana,AB|BC|SK
Piptatheropsis canadensis,AB|BC|MB|NB|NS|ON|PE|QC|SK
Piptatheropsis exigua,AB|BC
Piptatheropsis micrantha,AB|BC|MB|SK
Piptatheropsis pungens,AB|BC|MB|NB|NS|NT|ON|QC|SK|YT
Plagiobothrys figuratus,BC
Plagiobothrys humistratus,BC
Plagiobothrys leptocladus,BC
Plagiobothrys scouleri,AB|BC|MB|SK
Plagiobothrys tenellus,BC
Plantago canescens,AB|BC|NT|NU|YT
Plantago cordata,ON
Plantago elongata,AB|BC|MB|SK
Plantago eriopoda,AB|BC|MB|NT|QC|SK|YT
Plantago macrocarpa,BC
Plantago maritima,AB|BC|MB|NB|NS|NT|NU|ON|PE|PM|QC|SK|YT
Plantago patagonica,AB|BC|MB|SK
Plantago rugelii,NB|NS|ON|QC
Platanthera aquilonis,AB|BC|MB|NB|NS|NT|NU|ON|PE|QC|SK|YT
Platanthera blephariglottis,NB|NS|ON|PE|PM|QC
Platanthera chorisiana,BC
Platanthera clavellata,NB|NS|ON|PE|PM|QC
Platanthera dilatata,AB|BC|MB|NB|NS|NT|NU|ON|PE|PM|QC|SK|YT
Platanthera elegans,BC
Platanthera elongata,BC
Platanthera ephemerantha,BC
Platanthera flava,NB|NS|ON|QC
Platanthera grandiflora,NB|NS|ON|PE|PM|QC
Platanthera hookeri,MB|NB|NS|ON|PE|QC
Platanthera huronensis,AB|BC|MB|NB|NS|ON|PE|QC|YT
Platanthera hyperborea,MB|ON|PM|YT
Platanthera lacera,MB|NB|NS|ON|PE|PM|QC
Platanthera leucophaea,ON
Platanthera macrophylla,NB|NS|ON|QC
Platanthera obtusata,AB|BC|MB|NB|NS|NT|NU|ON|PE|PM|QC|SK|YT
Platanthera orbiculata,AB|BC|MB|NB|NS|NT|ON|PE|PM|QC|SK|YT
Platanthera praeclara,MB
Platanthera psycodes,MB|NB|NS|ON|PE|PM|QC
Platanthera shriveri,QC
Platanthera stricta,AB|BC
Platanthera transversa,BC
Platanthera unalascensis,AB|BC|ON|QC
Platanthera ×andrewsii,NB|NS|ON|PE|QC
Platanthera ×hollandiae,ON
Platanthera ×reznicekii,ON
Platanus occidentalis,ON|QC
Plectritis congesta,BC
Plectritis macrocera,BC
Pleuricospora fimbriolata,BC
Pleuropogon refractus,BC
Pleuropogon sabinei,NT|NU|QC
Poa abbreviata,AB|BC|NT|NU|YT
Poa alpina,AB|BC|MB|NS|NT|NU|ON|QC|SK|YT
Poa alsodes,NB|NS|ON|PE|QC
Poa ammophila,NT
Poa arctica,AB|BC|MB|NT|NU|ON|QC|SK|YT
Poa arida,AB|MB|SK
Poa banffiana,AB|BC
Poa confinis,BC
Poa cusickii,AB|BC|MB|SK|YT
Poa fendleriana,AB|BC|MB
Poa flexuosa,NU|QC
Poa glauca,AB|BC|MB|NB|NS|NT|NU|ON|QC|SK|YT
Poa hartzii,NT|NU|QC|YT
Poa howellii,BC
Poa interior,AB|BC|MB|NT|ON|QC|SK|YT
Poa laxiflora,BC
Poa leptocoma,AB|BC|YT
Poa lettermanii,AB|BC
Poa macrantha,BC
Poa marcida,BC
Poa palustris,AB|BC|MB|NB|NS|NT|NU|ON|PE|PM|QC|SK|YT
Poa paucispicula,AB|BC|NT|YT
Poa porsildii,NT|YT
Poa pratensis,AB|BC|MB|NT|NU|ON|QC|SK|YT
Poa pseudoabbreviata,BC|NT|YT
Poa saltuensis,NB|NS|ON|PE|PM|QC
Poa secunda,AB|BC|NT|ON|QC|SK|YT
Poa stenantha,AB|BC
Poa suksdorfii,BC
Poa sylvestris,ON
Poa wheeleri,AB|BC
Poa ×gaspensis,QC
Poa ×limosa,AB|BC
Poa ×nematophylla,AB|BC|MB|SK
Podagrostis aequivalvis,BC
Podagrostis humilis,AB|BC|YT
Podistera macounii,NT|YT
Podistera yukonensis,YT
Podophyllum peltatum,NS|ON|QC
Podostemum ceratophyllum,NB|NS|ON|PE|QC
Pogonia ophioglossoides,MB|NB|NS|ON|PE|PM|QC
Polanisia dodecandra,AB|MB|ON|QC|SK
Polemonium boreale,BC|NT|NU|YT
Polemonium californicum,BC
Polemonium elegans,BC
Polemonium micranthum,BC
Polemonium occidentale,AB|BC
Polemonium pulcherrimum,AB|BC|NT|YT
Polemonium vanbruntiae,QC
Polemonium villosissimum,BC|YT
Polemonium villosum,AB|BC|NT|YT
Polemonium viscosum,AB|BC
Polygonatum biflorum,MB|ON|SK
Polygonatum pubescens,NB|NS|ON|QC
Polygonum achoreum,AB|BC|MB|ON|SK|YT
Polygonum articulatum,NB|ON|QC
Polygonum austiniae,AB|BC
Polygonum aviculare,AB|MB|NB|NS|ON|QC
Polygonum douglasii,AB|BC|MB|ON|QC|SK|YT
Polygonum engelmannii,AB|BC
Polygonum erectum,AB|MB|ON|QC
Polygonum fowleri,BC|MB|NB|NS|NT|NU|ON|PE|PM|QC
Polygonum humifusum,NT|NU|YT
Polygonum majus,BC
Polygonum minimum,AB|BC
Polygonum nuttallii,BC
Polygonum oxyspermum,NB|NS|PE|PM|QC
Polygonum paronychia,BC
Polygonum polygaloides,AB|BC|SK
Polygonum ramosissimum,AB|BC|MB|NB|NS|NT|ON|PE|QC|SK
Polygonum sawatchense,AB|BC|SK
Polygonum spergulariiforme,AB|BC|SK
Polygonum tenue,ON
Polymnia canadensis,ON
Polypodium amorphum,BC
Polypodium appalachianum,NB|NS|ON|PE|PM|QC
Polypodium glycyrrhiza,BC
Polypodium hesperium,AB|BC
Polypodium scouleri,BC
Polypodium sibiricum,AB|BC|MB|NT|ON|QC|SK|YT
Polypodium virginianum,AB|MB|NB|NS|NT|ON|PE|PM|QC|SK
Polypodium ×incognitum,NB|ON|QC
Polystichum acrostichoides,NB|NS|ON|PE|QC
Polystichum andersonii,BC
Polystichum braunii,BC|NB|NS|ON|PE|PM|QC
Polystichum californicum,BC
Polystichum imbricans,BC
Polystichum kruckebergii,BC
Polystichum lemmonii,BC
Polystichum lonchitis,AB|BC|NS|NT|ON|QC|YT
Polystichum munitum,BC
Polystichum scopulinum,BC|QC
Polystichum setigerum,BC
Polystichum ×hagenahii,ON
Polystichum ×potteri,NB|NS|QC
Pontederia cordata,NB|NS|ON|PE|QC
Populus angustifolia,AB|SK
Populus balsamifera,AB|BC|MB|NB|NS|NT|NU|ON|PE|QC|SK|YT
Populus deltoides,AB|MB|ON|QC|SK
Populus deltoides var. monilifera × Populus tremuloides,SK
Populus grandidentata,MB|NB|NS|ON|PE|QC
Populus heterophylla,ON
Populus tremuloides,AB|BC|MB|NB|NS|NT|NU|ON|PE|QC|SK|YT
Populus trichocarpa,AB|BC|YT
Populus ×acuminata,AB|SK
Populus ×brayshawii,AB|BC|SK
Populus ×hastata,AB|BC
Populus ×heimburgeri,ON|QC
Populus ×jackii,AB|MB|NB|NS|ON|QC|SK
Populus ×rouleauiana,ON|QC
Populus ×smithii,NS|ON|QC
Portulaca oleracea,AB|MB|SK
Potamogeton alpinus,AB|BC|MB|NB|NS|NT|NU|ON|PE|QC|SK|YT
Potamogeton amplifolius,AB|BC|MB|NB|NS|ON|QC|SK
Potamogeton berchtoldii,AB|BC|MB|NB|NS|NT|ON|PE|PM|QC|SK|YT
Potamogeton bicupulatus,ON
Potamogeton confervoides,NB|NS|ON|PM|QC
Potamogeton epihydrus,AB|BC|MB|NB|NS|ON|PE|PM|QC|SK
Potamogeton foliosus,AB|BC|MB|NB|NS|NT|ON|PE|QC|SK|YT
Potamogeton friesii,AB|BC|MB|NB|NS|NT|NU|ON|PE|QC|SK|YT
Potamogeton gramineus,AB|BC|MB|NB|NS|NT|NU|ON|PM|QC|SK|YT
Potamogeton hillii,ON
Potamogeton illinoensis,BC|MB|NT|ON|QC
Potamogeton natans,AB|BC|MB|NB|NS|NT|ON|PE|QC|SK|YT
Potamogeton nodosus,AB|BC|NB|NS|ON|QC
Potamogeton oakesianus,BC|NB|NS|ON|PM|QC
Potamogeton obtusifolius,AB|BC|MB|NB|NS|NT|NU|ON|QC|SK|YT
Potamogeton perfoliatus,BC|NB|NS|NU|ON|PE|PM|QC
Potamogeton praelongus,AB|BC|MB|NB|NS|NT|NU|ON|PE|QC|SK|YT
Potamogeton pulcher,NS|ON
Potamogeton pusillus,AB|BC|MB|NB|NS|NT|NU|ON|PE|QC|SK
Potamogeton richardsonii,AB|BC|MB|NB|NS|NT|NU|ON|QC|SK|YT
Potamogeton robbinsii,AB|BC|MB|NB|NS|NT|NU|ON|QC|SK
Potamogeton spirillus,MB|NB|NS|ON|QC
Potamogeton strictifolius,AB|BC|MB|NB|NT|ON|QC|SK|YT
Potamogeton subsibiricus,NT|NU|ON|QC|YT
Potamogeton vaseyi,NB|ON|QC
Potamogeton zosteriformis,AB|BC|MB|NB|NS|NT|ON|QC|SK|YT
Potamogeton ×absconditus,ON
Potamogeton ×cognatus,NS
Potamogeton ×faxonii,ON
Potamogeton ×griffithii,AB
Potamogeton ×hagstroemii,ON
Potamogeton ×haynesii,ON|SK
Potamogeton ×methyensis,SK
Potamogeton ×nitens,NB|NS|ON|PM
Potamogeton ×ogdenii,ON
Potamogeton ×rhodensis,NS
Potamogeton ×schreberi,BC
Potamogeton ×sparganiifolius,AB
Potamogeton ×spathuliformis,ON|QC
Potentilla arenosa,AB|BC|MB|NT|NU|ON|QC|SK|YT
Potentilla arenosa subsp. chamissonis × Potentilla nivea,QC
Potentilla biennis,AB|BC|SK|YT
Potentilla biflora,BC|NT|NU|YT
Potentilla bimundorum,AB|MB|NT|NU|ON|QC|SK|YT
Potentilla bipinnatifida,AB|MB|NT|ON|QC|SK|YT
Potentilla brunnescens,BC
Potentilla canadensis,NS|ON
Potentilla concinna,AB|MB|SK
Potentilla crantzii,NU|ON|QC
Potentilla crebridens,YT
Potentilla drummondii,AB|BC
Potentilla effusa,AB|MB|SK
Potentilla elegans,BC|NT|YT
Potentilla flabellifolia,AB|BC
Potentilla furcata,BC|YT
Potentilla glaucophylla,AB|BC|NT|SK|YT
Potentilla gracilis,AB|BC|MB|ON|SK|YT
Potentilla hippiana,AB|BC|MB|NT|ON|SK
Potentilla hookeriana,AB|BC
Potentilla hudsonii,AB|SK|YT
Potentilla hyparctica,AB|BC|NT|NU|QC|YT
Potentilla jepsonii,AB
Potentilla lasiodonta,AB|MB|SK
Potentilla litoralis,AB|BC|MB|NS|NT|NU|ON|QC|SK|YT
Potentilla macounii,AB
Potentilla multisecta,AB
Potentilla nana,BC
Potentilla nivea,AB|BC|MB|NT|NU|ON|QC|SK|YT
Potentilla norvegica,AB|BC|MB|NB|NS|NT|NU|ON|PE|PM|QC|SK|YT
Potentilla ovina,AB|BC|YT
Potentilla pedersenii,NT|NU
Potentilla pensylvanica,AB|BC|MB|NT|ON|SK|YT
Potentilla plattensis,AB|MB|SK
Potentilla psychrophila,YT
Potentilla pulchella,MB|NT|NU|ON|QC|YT
Potentilla pulcherrima,AB|BC|MB|ON|QC|SK
Potentilla rivalis,AB|BC|MB|ON|SK
Potentilla rubricaulis,AB|BC|NT|SK|YT
Potentilla simplex,NB|NS|ON|PE|PM|QC
Potentilla subgorodkovii,AB|BC|NT|NU|YT
Potentilla subjuga,AB
Potentilla subvahliana,AB|BC|NT|NU|QC|YT
Potentilla supina,AB|BC|MB|ON|SK
Potentilla uschakovii,NT|NU
Potentilla vahliana,NU|QC
Potentilla villosa,BC
Potentilla villosula,AB|BC|NT|YT
Potentilla vulcanicola,NT|NU|YT
Potentilla ×prostrata,QC
Potentilla ×tikhomirovii,NT|NU
Potentilla ×tundricola,QC
Poteridium occidentale,BC
Primula borealis,NT|YT
Primula conjugens,AB|BC|SK
Primula cuneifolia,BC
Primula egaliksensis,AB|BC|MB|NT|NU|ON|QC|YT
Primula frigida,BC|NT|YT
Primula hendersonii,BC
Primula incana,AB|BC|MB|NT|NU|ON|SK|YT
Primula jeffreyi,BC
Primula latiloba,BC
Primula laurentiana,NB|NS|ON|QC
Primula meadia,MB
Primula mistassinica,AB|BC|MB|NB|NS|NT|ON|QC|SK|YT
Primula nutans,YT
Primula pauciflora,AB|BC|MB|NT|SK|YT
Primula pumila,NT|YT
Primula stricta,MB|NT|NU|ON|QC
Primula ×morissetii,NU
Prosartes hookeri,AB|BC
Prosartes lanuginosa,ON
Prosartes smithii,BC
Prosartes trachycarpa,AB|BC|MB|ON|SK
Proserpinaca palustris,NB|NS|ON|QC
Proserpinaca pectinata,NS
Prunella vulgaris,AB|BC|MB|NB|NS|ON|PE|PM|QC|SK
Prunus americana,MB|ON|SK
Prunus emarginata,BC
Prunus nigra,MB|NB|ON|QC
Prunus pensylvanica,AB|BC|MB|NB|NS|NT|ON|PE|PM|QC|SK
Prunus pumila,MB|NB|ON|QC|SK
Prunus serotina,NB|NS|ON|QC
Prunus virginiana,AB|BC|MB|NB|NS|NT|ON|PE|PM|QC|SK
Prunus ×pugetensis,BC
Pseudathyrium alpestre,AB|BC|QC|YT
Pseudocherleria macrocarpa,NT|YT
Pseudognaphalium macounii,AB|BC|NB|NS|ON|PE|QC
Pseudognaphalium obtusifolium,NB|NS|ON|PE|QC
Pseudognaphalium stramineum,BC
Pseudognaphalium thermale,AB|BC
Pseudorchis straminea,QC
Pseudoroegneria spicata,AB|BC|SK|YT
Pseudotsuga menziesii,AB|BC
Psilocarphus brevissimus,AB|BC|SK
Psilocarphus elatior,BC
Psilocarphus tenellus,BC
Ptelea trifoliata,ON
Pteridium aquilinum,AB|BC|MB|NB|NS|ON|PE|PM|QC
Pterospora andromedea,AB|BC|NB|ON|QC|SK
Puccinellia andersonii,MB|NT|NU|YT
Puccinellia angustata,NT|NU|QC|YT
Puccinellia arctica,NT|NU|YT
Puccinellia banksiensis,NT|NU
Puccinellia bruggemannii,NT|NU
Puccinellia nutkaensis,BC|MB|NB|NS|NT|NU|ON|QC|YT
Puccinellia nuttalliana,AB|BC|MB|NT|NU|ON|QC|SK|YT
Puccinellia phryganodes,MB|NB|NT|NU|ON|QC|YT
Puccinellia pumila,BC|MB|NB|NS|NU|ON|PE|PM|QC
Puccinellia tenella,MB|NT|NU|ON|QC|YT
Puccinellia vaginata,MB|NT|NU|ON|QC|YT
Puccinellia vahliana,NT|NU|QC|YT
Pulsatilla nuttalliana,AB|BC|MB|NT|NU|ON|SK|YT
Pulsatilla occidentalis,AB|BC
Purshia tridentata,BC
Pycnanthemum incanum,ON
Pycnanthemum tenuifolium,ON|QC
Pycnanthemum verticillatum,ON
Pycnanthemum virginianum,NB|ON|QC
Pyrola americana,MB|NB|NS|ON|PE|PM|QC
Pyrola aphylla,BC
Pyrola asarifolia,AB|BC|MB|NB|NS|NT|NU|ON|PE|QC|SK|YT
Pyrola asarifolia subsp. asarifolia × Pyrola minor,QC
Pyrola asarifolia × Pyrola minor,AB|BC|NT|ON|QC
Pyrola chlorantha,AB|BC|MB|NB|NS|NT|NU|ON|PE|PM|QC|SK|YT
Pyrola crypta,BC
Pyrola dentata,BC
Pyrola elliptica,AB|BC|MB|NB|NS|ON|PE|QC|SK
Pyrola grandiflora,AB|BC|MB|NT|NU|ON|QC|SK|YT
Pyrola minor,AB|BC|MB|NB|NS|NT|NU|ON|PE|PM|QC|SK|YT
Pyrola picta,AB|BC
Pyrrocoma carthamoides,BC
Pyrrocoma lanceolata,AB|SK
Pyrrocoma uniflora,AB|NT
Quercus alba,ON|QC
Quercus bicolor,ON|QC
Quercus ellipsoidalis,ON
Quercus garryana,BC
Quercus ilicifolia,ON
Quercus macrocarpa,MB|NB|ON|QC|SK
Quercus muehlenbergii,ON
Quercus palustris,ON
Quercus prinoides,ON
Quercus rubra,NB|NS|ON|PE|QC
Quercus shumardii,ON
Quercus velutina,ON
Quercus ×bebbiana,ON|QC
Quercus ×deamii,ON
Quercus ×fernaldii,ON
Quercus ×hawkinsii,ON
Quercus ×jackiana,ON
Quercus ×mutabilis,ON
Quercus ×palaeolithicola,ON
Quercus ×riparia,ON
Quercus ×schuettei,ON|QC
Ranunculus abortivus,AB|BC|MB|NB|NS|NT|NU|ON|PE|PM|QC|SK|YT
Ranunculus alismifolius,BC
Ranunculus allenii,NU|QC
Ranunculus arcticus,AB|BC|MB|NT|NU|ON|QC|SK|YT
Ranunculus californicus,BC
Ranunculus cardiophyllus,AB|BC|SK
Ranunculus codyanus,NU
Ranunculus eschscholtzii,AB|BC|NT|YT
Ranunculus fascicularis,MB|ON
Ranunculus flabellaris,AB|BC|MB|NB|ON|QC
Ranunculus flammula,AB|BC|MB|NB|NS|NT|NU|ON|PE|PM|QC|SK|YT
Ranunculus glaberrimus,AB|BC|SK
Ranunculus gmelinii,AB|BC|MB|NB|NS|NT|NU|ON|PE|QC|SK|YT
Ranunculus gmelinii × Ranunculus hyperboreus,NT
Ranunculus grayi,AB|BC|NT|YT
Ranunculus hispidus,MB|NB|ON|PE|QC
Ranunculus hyperboreus,AB|BC|MB|NT|NU|ON|QC|SK|YT
Ranunculus inamoenus,AB|BC|SK
Ranunculus lobbii,BC
Ranunculus longirostris,AB|MB|ON|QC|SK
Ranunculus macounii,AB|BC|MB|NT|NU|ON|QC|SK|YT
Ranunculus mongolicus,BC|NT
Ranunculus nivalis,AB|BC|NT|NU|QC|YT
Ranunculus occidentalis,AB|BC|YT
Ranunculus orthorhynchus,BC
Ranunculus pensylvanicus,AB|BC|MB|NB|NS|NT|ON|PE|QC|SK
Ranunculus porteri,BC
Ranunculus pygmaeus,AB|BC|NT|NU|QC|YT
Ranunculus recurvatus,NB|NS|ON|PE|QC
Ranunculus rhomboideus,AB|BC|MB|NT|ON|SK
Ranunculus sabinei,NT|NU
Ranunculus sceleratus,AB|BC|MB|NT|ON|QC|SK|YT
Ranunculus subrigidus,BC|NB|NS|ON|QC
Ranunculus sulphureus,BC|NT|NU|QC|YT
Ranunculus trichophyllus,AB|BC|MB|NB|NS|NT|NU|ON|PE|QC|SK|YT
Ranunculus turneri,NT|YT
Ranunculus uncinatus,AB|BC
Ratibida columnifera,AB|BC|MB|SK
Ratibida pinnata,ON
Rhexia virginica,NS|ON
Rhinanthus minor,AB|BC|MB|NS|NT|NU|ON|QC|YT
Rhodiola integrifolia,AB|BC|NT|YT
Rhodiola rosea,NB|NS|NU|PM|QC
Rhododendron albiflorum,AB|BC
Rhododendron canadense,NB|NS|ON|PE|PM|QC
Rhododendron columbianum,AB|BC
Rhododendron groenlandicum,AB|BC|MB|NB|NS|NT|NU|ON|PE|PM|QC|SK|YT
Rhododendron lapponicum,AB|BC|MB|NS|NT|NU|ON|QC|YT
Rhododendron macrophyllum,BC
Rhododendron maximum,NS
Rhododendron tomentosum,AB|BC|MB|NT|NU|ON|QC|SK|YT
Rhus aromatica,AB|ON|QC|SK
Rhus copallinum,ON
Rhus glabra,BC|MB|ON|SK
Rhus typhina,NB|NS|ON|PE|QC
Rhus ×borealis,ON|QC
Rhynchospora alba,AB|BC|MB|NB|NS|NT|ON|PE|QC|SK
Rhynchospora capillacea,AB|BC|MB|NB|NS|ON|QC|SK
Rhynchospora capitellata,NB|NS|ON|QC
Rhynchospora fusca,NB|NS|ON|PM|QC|SK
Rhynchospora macrostachya,NS
Ribes acerifolium,BC
Ribes americanum,AB|MB|NB|NS|ON|QC|SK
Ribes aureum,AB|SK
Ribes bracteosum,BC
Ribes cereum,BC
Ribes cynosbati,ON|QC
Ribes divaricatum,BC
Ribes glandulosum,AB|BC|MB|NB|NS|NT|NU|ON|PE|PM|QC|SK|YT
Ribes hirtellum,AB|MB|NB|NS|ON|PE|PM|QC|SK
Ribes hudsonianum,AB|BC|MB|NT|ON|QC|SK|YT
Ribes inerme,AB|BC
Ribes lacustre,AB|BC|MB|NB|NS|NT|ON|PE|QC|SK|YT
Ribes laxiflorum,AB|BC
Ribes lobbii,BC
Ribes oxyacanthoides,AB|BC|MB|NT|ON|QC|SK|YT
Ribes sanguineum,BC
Ribes triste,AB|BC|MB|NB|NS|NT|NU|ON|PE|QC|SK|YT
Ribes viscosissimum,AB|BC
Ripariosida hermaphrodita,ON
Romanzoffia sitchensis,AB|BC
Romanzoffia tracyi,BC
Rorippa alpina,BC
Rorippa aquatica,ON|QC
Rorippa barbareifolia,NT|SK|YT
Rorippa crystallina,NT
Rorippa curvipes,AB|BC|SK
Rorippa curvisiliqua,BC
Rorippa palustris,AB|BC|MB|NB|NS|NT|NU|ON|PE|PM|QC|SK|YT
Rorippa sinuata,AB|BC|SK
Rorippa tenerrima,AB|BC|SK
Rosa acicularis,AB|BC|MB|NB|NS|NT|NU|ON|QC|SK|YT
Rosa arkansana,AB|MB|ON|SK
Rosa blanda,MB|NB|NS|NT|ON|QC|SK
Rosa carolina,NB|NS|ON|PE|PM|QC
Rosa gymnocarpa,BC
Rosa nitida,NB|NS|ON|PE|PM|QC
Rosa nutkana,BC|NT
Rosa palustris,NB|NS|ON|QC
Rosa pisocarpa,BC
Rosa setigera,ON
Rosa virginiana,NB|NS|PE|PM|QC
Rosa woodsii,AB|BC|MB|NT|ON|SK|YT
Rosa ×canadensis,AB|MB|NT|SK
Rosa ×churchillii,QC
Rosa ×dulcissima,MB|SK
Rosa ×engelmannii,BC
Rosa ×gilmaniana,ON
Rosa ×hainesii,NS|ON
Rosa ×harmsiana,AB|MB|ON|SK
Rosa ×hodgdonii,NB|NS|PE|PM|QC
Rosa ×oldhamii,AB|ON
Rosa ×palustriformis,ON
Rosa ×per-axeliana,AB|MB|NT|ON|QC|SK
Rosa ×victoriana,BC
Rosa ×warleyensis,QC
Rotala ramosior,BC|ON
Rubus allegheniensis,NB|NS|ON|PE|QC
Rubus arcticus,AB|BC|MB|NT|NU|ON|PM|QC|SK|YT
Rubus canadensis,NB|NS|ON|PE|PM|QC
Rubus chamaemorus,AB|BC|MB|NB|NS|NT|NU|ON|PE|PM|QC|SK|YT
Rubus flagellaris,NS|ON|PE|QC
Rubus hispidus,NB|NS|ON|PE|QC
Rubus idaeus,AB|BC|MB|NB|NS|NT|NU|ON|PE|PM|QC|SK|YT
Rubus lasiococcus,BC
Rubus leucodermis,BC
Rubus nivalis,BC
Rubus occidentalis,NB|ON|QC
Rubus odoratus,NS|ON|QC
Rubus parviflorus,AB|BC|ON
Rubus pedatus,AB|BC|YT
Rubus pensilvanicus,NB|NS|ON|PE|QC
Rubus pubescens,AB|BC|MB|NB|NS|NT|NU|ON|PE|PM|QC|SK|YT
Rubus repens,NB|NS|ON|PE|QC
Rubus setosus,NB|NS|ON|PE|QC
Rubus spectabilis,BC
Rubus ursinus,BC
Rubus ×biformispinus,PE|QC
Rubus ×crux,QC
Rubus ×frondisentis,QC
Rubus ×jacens,NB|NS|ON|QC
Rubus ×lepagei,QC
Rubus ×neglectus,ON|SK
Rubus ×paracaulis,AB|MB|NB|NT|ON|QC|SK
Rubus ×permixtus,NB|NS
Rubus ×recurvicaulis,NB|ON
Rubus ×wisconsinensis,ON
Rudbeckia hirta,MB|ON|SK
Rudbeckia laciniata,MB|NS|ON|PE|QC
Rudbeckia speciosa,ON
Rumex altissimus,ON
Rumex arcticus,BC|MB|NT|NU|YT
Rumex beringensis,YT
Rumex britannica,AB|MB|NB|NS|NT|ON|PE|PM|QC|SK
Rumex fueginus,AB|BC|MB|NB|NS|NT|ON|PE|QC|SK|YT
Rumex lapponicus,AB|BC|NT|YT
Rumex occidentalis,AB|BC|MB|NB|NS|NT|ON|PM|QC|SK|YT
Rumex pallidus,NB|NS|NU|ON|PE|QC
Rumex paucifolius,AB|BC
Rumex persicarioides,BC|NB|NS|PE|QC
Rumex sibiricus,NT|YT
Rumex subarcticus,NU|ON|QC
Rumex transitorius,BC
Rumex triangulivalvis,AB|BC|MB|NB|NS|NT|NU|ON|PM|QC|SK|YT
Rumex venosus,AB|MB|SK
Rumex verticillatus,ON|QC
Rumex ×alexidus,SK
Rumex ×franktonis,SK
Rumex ×pratensis,NS|ON
Rupertia physodes,BC
Ruppia cirrhosa,AB|BC|MB|NT|SK|YT
Ruppia maritima,BC|MB|NB|NS|ON|PE|PM|QC|SK
Sabatia kennedyana,NS
Sabulina austromontana,AB|BC
Sabulina dawsonensis,AB|BC|MB|NT|NU|ON|QC|SK|YT
Sabulina elegans,AB|BC|NT|NU|YT
Sabulina litorea,ON|QC
Sabulina macra,BC
Sabulina michauxii,MB|ON|QC
Sabulina nuttallii,AB|BC
Sabulina pusilla,BC
Sabulina rossii,NT|NU|QC|YT
Sabulina rubella,AB|BC|MB|NT|NU|ON|QC|SK|YT
Sabulina stricta,BC|NT|NU|ON|QC|YT
Sagina caespitosa,MB|NU|QC
Sagina decumbens,BC
Sagina maxima,BC
Sagina nivalis,AB|BC|NT|NU|QC|YT
Sagina nodosa,AB|MB|NB|NS|NT|NU|ON|PE|PM|QC|SK
Sagina procumbens,NB|NS|NT|PE|PM|QC
Sagina saginoides,AB|BC|NT|NU|QC|YT
Sagittaria cristata,ON
Sagittaria cuneata,AB|BC|MB|NB|NS|NT|ON|QC|SK|YT
Sagittaria graminea,NB|NS|ON|PE|QC
Sagittaria latifolia,AB|BC|MB|NB|NS|ON|PE|QC|SK
Sagittaria montevidensis,NB|QC
Sagittaria rigida,MB|ON|QC
Salicornia maritima,NB|NS|ON|PE|PM|QC
Salicornia pacifica,BC
Salicornia rubra,AB|BC|MB|NT|NU|SK|YT
Salicornia virginica,BC|NB|NS|PE|QC
Salix alaxensis,AB|BC|MB|NT|NU|QC|YT
Salix alaxensis var. alaxensis × Salix calcicola var. calcicola,QC
Salix alaxensis var. alaxensis × Salix pellita,MB
Salix alaxensis var. alaxensis × Salix planifolia,MB
Salix amygdaloides,AB|BC|MB|ON|QC|SK
Salix arbusculoides,AB|BC|MB|NT|NU|ON|QC|SK|YT
Salix arctica,AB|BC|NT|NU|ON|QC|YT
Salix arctica × Salix herbacea,NU|QC
Salix arctica × Salix polaris,BC|NT|YT
Salix arctophila,MB|NT|NU|ON|QC|SK|YT
Salix arctophila × Salix glauca var. cordifolia,QC
Salix argyrocarpa,NU|QC
Salix athabascensis,AB|BC|MB|NT|SK|YT
Salix athabascensis × Salix pedicellaris,BC
Salix ballii,NU|ON|QC
Salix barclayi,AB|BC|NT|YT
Salix barclayi × Salix barrattiana,BC
Salix barclayi × Salix commutata,BC
Salix barclayi × Salix farriae,AB|NT|YT
Salix barclayi × Salix glauca subsp. glabrescens,AB
Salix barclayi × Salix richardsonii,BC|YT
Salix barrattiana,AB|BC|NT|YT
Salix barrattiana × Salix commutata,AB|BC|YT
Salix bebbiana,AB|BC|MB|NB|NS|NT|NU|ON|PE|QC|SK|YT
Salix bebbiana × Salix petiolaris,AB|ON|QC|SK
Salix boothii,AB|BC|SK
Salix boothii × Salix glauca var. villosa,AB
Salix brachycarpa,AB|BC|MB|NT|NU|ON|QC|SK|YT
Salix brachycarpa var. psammophila × Salix pyrifolia,SK
Salix brachycarpa var. psammophila × Salix turnorii,SK
Salix calcicola,AB|MB|NU|ON|QC
Salix calcicola var. calcicola × Salix richardsonii,MB|NU
Salix candida,AB|BC|MB|NB|NS|NT|NU|ON|PE|PM|QC|SK|YT
Salix candida × Salix famelica,SK
Salix candida × Salix myrtillifolia,SK
Salix candida × Salix petiolaris,ON|SK
Salix candida × Salix planifolia,MB|NT
Salix cascadensis,BC
Salix chamissonis,NT|YT
Salix chlorolepis,QC
Salix chlorolepis × Salix pedicellaris,QC
Salix commutata,AB|BC|NT|SK|YT
Salix cordata,ON|QC
Salix discolor,AB|BC|MB|NB|NS|NT|ON|PE|QC|SK
Salix drummondiana,AB|BC|NT|SK|YT
Salix eriocephala,MB|NB|NS|ON|PE|QC
Salix eriocephala × Salix famelica,ON
Salix eriocephala × Salix petiolaris,ON|QC
Salix exigua,AB|BC
Salix famelica,AB|MB|NT|ON|SK
Salix famelica × Salix pseudomonticola,SK
Salix farriae,AB|BC|NT|YT
Salix fuscescens,MB|NT|NU|YT
Salix geyeriana,BC
Salix geyeriana × Salix lemmonii,BC
Salix glauca,AB|BC|MB|NS|NT|NU|ON|PM|QC|SK|YT
Salix glauca var. acutifolia × Salix niphoclada,YT
Salix glauca var. cordifolia × Salix pedicellaris,QC
Salix hastata,NT|YT
Salix herbacea,MB|NT|NU|QC
Salix hookeriana,BC
Salix hookeriana × Salix scouleriana,BC
Salix humilis,MB|NB|NS|ON|PE|QC
Salix interior,AB|BC|MB|NB|NT|ON|QC|SK|YT
Salix lasiandra,AB|BC|MB|NT|SK|YT
Salix lemmonii,BC
Salix lucida,MB|NB|NS|ON|PE|PM|QC|SK
Salix maccalliana,AB|BC|MB|NT|ON|QC|SK|YT
Salix melanopsis,AB|BC
Salix myricoides,NB|ON|QC
Salix myrtillifolia,AB|BC|MB|NB|NT|NU|ON|SK|YT
Salix nigra,NB|ON|QC
Salix niphoclada,BC|NT|NU|YT
Salix niphoclada × Salix setchelliana,YT
Salix nivalis,AB|BC
Salix ovalifolia,NT|YT
Salix pedicellaris,AB|BC|MB|NB|NS|NT|NU|ON|PM|QC|SK|YT
Salix pellita,MB|NB|NS|NU|ON|QC|SK
Salix pellita × Salix petiolaris,SK
Salix pellita × Salix planifolia,ON|QC
Salix petiolaris,AB|BC|MB|NB|NS|NT|ON|PE|QC|SK
Salix petrophila,AB|BC
Salix phlebophylla,NT|YT
Salix planifolia,AB|BC|MB|NT|NU|ON|PM|QC|SK|YT
Salix planifolia × Salix scouleriana,AB
Salix polaris,BC|NT|NU|YT
Salix polaris × Salix rotundifolia,YT
Salix prolixa,AB|BC|NT|YT
Salix pseudomonticola,AB|BC|MB|NT|ON|QC|SK|YT
Salix pseudomyrsinites,AB|BC|MB|NT|NU|ON|SK|YT
Salix pulchra,BC|NT|NU|YT
Salix pyrifolia,AB|BC|MB|NB|NS|NT|NU|ON|PE|QC|SK|YT
Salix raupii,AB|BC|NT|YT
Salix reticulata,AB|BC|MB|NS|NT|NU|ON|QC|SK|YT
Salix richardsonii,BC|MB|NT|NU|YT
Salix rotundifolia,NT|YT
Salix scouleriana,AB|BC|MB|NT|SK|YT
Salix sericea,NB|NS|QC
Salix serissima,AB|BC|MB|NB|NT|NU|ON|QC|SK
Salix sessilifolia,BC
Salix setchelliana,BC|YT
Salix silicicola,NU|SK
Salix sitchensis,AB|BC
Salix sphenophylla,NT|YT
Salix stolonifera,AB|BC
Salix turnorii,SK
Salix tweedyi,BC
Salix tyrrellii,AB|NT|NU|SK
Salix uva-ursi,NS|NU|PM|QC
Salix vestita,AB|BC|MB|NS|NU|ON|QC
Salix ×argusii,MB|QC|SK
Salix ×bebbii,NB
Salix ×brachypurpurea,SK
Salix ×cryptodonta,QC
Salix ×dutillyi,QC
Salix ×gaspeensis,QC
Salix ×glatfelteri,ON
Salix ×hebecarpa,QC
Salix ×hudsonensis,ON
Salix ×jamesensis,ON
Salix ×jesupii,ON|PE|QC|SK
Salix ×laurentiana,ON|QC
Salix ×obtusata,QC
Salix ×peasei,QC
Salix ×pedunculata,QC|SK
Salix ×schneiderii,NB
Salix ×simulans,QC
Salix ×ungavensis,QC
Salix ×waghornei,NT|NU|ON|QC
Sambucus canadensis,MB|NB|NS|ON|PE|QC
Sambucus cerulea,BC
Sambucus melanocarpa,AB|BC
Sambucus racemosa,AB|BC|MB|NB|NS|ON|PE|QC|SK|YT
Samolus parviflorus,NB|NS|ON|PE|QC
Sandbergia whitedii,BC
Sanguinaria canadensis,MB|NB|NS|ON|QC
Sanguisorba canadensis,NB|NS|PM|QC
Sanguisorba menziesii,BC
Sanguisorba officinalis,BC|NT|YT
Sanguisorba stipulata,BC|YT
Sanicula arctopoides,BC
Sanicula bipinnatifida,BC
Sanicula canadensis,ON|QC
Sanicula crassicaulis,BC
Sanicula graveolens,BC
Sanicula marilandica,AB|BC|MB|NB|NS|ON|PE|PM|QC|SK
Sanicula odorata,NB|NS|ON|QC
Sanicula trifoliata,NB|ON|QC
Sarcobatus vermiculatus,AB|SK
Sarracenia purpurea,AB|BC|MB|NB|NS|NT|NU|ON|PE|PM|QC|SK
Sassafras albidum,ON
Saururus cernuus,ON|QC
Saussurea americana,AB|BC|YT
Saussurea angustifolia,BC|NT|NU|YT
Saussurea nuda,AB|BC|YT
Saxifraga adscendens,AB|BC|NT|YT
Saxifraga aizoides,AB|BC|MB|NS|NT|NU|ON|QC|YT
Saxifraga austromontana,AB|BC
Saxifraga cernua,AB|BC|MB|NS|NT|NU|ON|QC|YT
Saxifraga cespitosa,AB|BC|MB|NT|NU|ON|QC|YT
Saxifraga cherlerioides,YT
Saxifraga eschscholtzii,NT|NU|YT
Saxifraga flagellaris,AB|BC|NT|NU|YT
Saxifraga funstonii,BC|NT|YT
Saxifraga hirculus,BC|MB|NT|NU|ON|QC|YT
Saxifraga hyperborea,AB|BC|MB|NT|NU|QC|YT
Saxifraga mertensiana,AB|BC
Saxifraga oppositifolia,AB|BC|MB|NS|NT|NU|ON|QC|YT
Saxifraga paniculata,MB|NB|NS|NT|NU|ON|QC
Saxifraga radiata,NT|YT
Saxifraga rivularis,NU|ON|QC|YT
Saxifraga serpyllifolia,BC|NT|NU|YT
Saxifraga taylorii,BC
Saxifraga tricuspidata,AB|BC|MB|NT|NU|ON|QC|SK|YT
Sceptridium dissectum,NB|NS|ON|QC
Sceptridium multifidum,AB|BC|MB|NB|NS|NT|ON|PE|PM|QC|SK|YT
Sceptridium oneidense,AB|NB|ON|QC
Sceptridium rugulosum,NB|ON|QC
Scheuchzeria palustris,AB|BC|MB|NB|NS|NT|NU|ON|QC|SK|YT
Schizachne purpurascens,AB|BC|MB|NB|NS|NT|ON|PE|QC|SK|YT
Schizachyrium scoparium,AB|BC|MB|NB|ON|QC|SK
Schizaea pusilla,NB|NS|PM|QC
Schoenoplectiella purshiana,ON|QC
Schoenoplectiella saximontana,BC
Schoenoplectiella smithii,NB|ON|QC
Schoenoplectus acutus,AB|BC|MB|NB|NS|NT|ON|PE|PM|QC|SK|YT
Schoenoplectus acutus var. acutus × Schoenoplectus tabernaemontani,QC
Schoenoplectus americanus,BC|NS
Schoenoplectus heterochaetus,AB|MB|ON|QC
Schoenoplectus pungens,AB|BC|MB|NB|NS|NT|ON|PE|PM|QC|SK
Schoenoplectus subterminalis,BC|NB|NS|ON|PE|PM|QC|SK
Schoenoplectus tabernaemontani,AB|BC|MB|NB|NS|NT|ON|PE|PM|QC|SK|YT
Schoenoplectus torreyi,MB|NB|ON|QC
Schoenoplectus ×oblongus,ON|QC
Scirpus ancistrochaetus,QC
Scirpus atrocinctus,AB|MB|NB|NS|ON|PE|PM|QC|SK
Scirpus atrovirens,MB|ON|PE|PM|QC
Scirpus cyperinus,MB|NB|NS|ON|PE|PM|QC
Scirpus cyperinus × Scirpus pedicellatus,QC
Scirpus expansus,NS|ON
Scirpus georgianus,ON
Scirpus hattorianus,NB|NS|ON|PM|QC
Scirpus longii,NS
Scirpus microcarpus,AB|BC|MB|NB|NS|NT|ON|PE|PM|QC|SK|YT
Scirpus pallidus,AB|BC|MB|ON|SK
Scirpus pedicellatus,NB|NS|ON|PE|QC
Scirpus pendulus,NB|ON|QC
Scirpus ×peckii,QC
Scleria pauciflora,ON
Scleria triglomerata,ON
Scleria verticillata,ON
Scolochloa festucacea,AB|BC|MB|NT|SK|YT
Scrophularia californica,BC
Scrophularia lanceolata,BC|NB|NS|ON|QC|SK
Scrophularia marilandica,NB|NS|ON|PE|QC
Scutellaria angustifolia,BC
Scutellaria galericulata,AB|BC|MB|NB|NS|NT|ON|PE|PM|QC|SK|YT
Scutellaria lateriflora,BC|MB|NB|NS|ON|PE|QC|SK
Scutellaria leonardii,MB|ON
Scutellaria nervosa,ON
Scutellaria parvula,ON|QC
Scutellaria ×churchilliana,NB|NS|ON|QC
Sedum divergens,AB|BC
Sedum lanceolatum,AB|BC|SK|YT
Sedum oreganum,BC
Sedum spathulifolium,BC
Sedum stenopetalum,AB|BC
Sedum villosum,QC
Selaginella densa,AB|BC|MB|ON|SK
Selaginella eclipes,ON|QC
Selaginella oregana,BC
Selaginella rupestris,AB|BC|MB|NB|NS|ON|QC|SK
Selaginella scopulorum,AB|BC
Selaginella selaginoides,AB|BC|MB|NB|NS|NT|NU|ON|PM|QC|SK|YT
Selaginella sibirica,BC|NT|YT
Selaginella standleyi,AB|BC
Selaginella wallacei,AB|BC
Senecio elmeri,BC
Senecio eremophilus,AB|BC|MB|NT|ON|SK|YT
Senecio fremontii,AB|BC
Senecio hydrophiloides,AB|BC
Senecio hydrophilus,BC
Senecio integerrimus,AB|BC|MB|SK
Senecio lugens,AB|BC|NT|NU|YT
Senecio megacephalus,AB|BC
Senecio pseudoarnica,BC|NB|NS|PM|QC
Senecio sheldonensis,BC|NT|YT
Senecio triangularis,AB|BC|NT|YT
Senega alba,SK
Senega incarnata,ON
Senega officinalis,AB|BC|MB|NB|ON|QC|SK
Senega polygama,NS|ON|QC
Senega sanguinea,NB|NS|ON|PE|QC
Senega verticillata,MB|ON|QC|SK
Senna hebecarpa,ON
Sericocarpus rigidus,BC
Shepherdia argentea,AB|MB|SK
Shepherdia canadensis,AB|BC|MB|NB|NS|NT|NU|ON|QC|SK|YT
Shinnersoseris rostrata,AB|MB|SK
Sibbaldia procumbens,AB|BC|NT|NU|QC|YT
Sibbaldia tridentata,AB|MB|NB|NS|NT|NU|ON|PE|PM|QC|SK
Sibirotrisetum sibiricum,YT
Sicyos angulatus,ON
Sidalcea hendersonii,BC
Sidalcea oregana,BC
Silene acaulis,AB|BC|NS|NT|NU|ON|PM|QC|SK|YT
Silene antirrhina,AB|BC|MB|ON|QC|SK
Silene douglasii,BC
Silene drummondii,AB|BC|MB|ON|SK
Silene hitchguirei,AB|YT
Silene involucrata,AB|BC|MB|NT|NU|ON|QC|YT
Silene menziesii,AB|BC|MB|NT|SK|YT
Silene ostenfeldii,BC|NT|NU|YT
Silene parryi,AB|BC
Silene repens,BC|NT|YT
Silene scouleri,AB|BC
Silene soczavana,YT
Silene sorensenis,NT|NU
Silene spaldingii,BC
Silene uralensis,AB|BC|MB|NT|NU|ON|QC|YT
Silene virginica,ON
Silene williamsii,YT
Silene ×hampeana,BC|NS|ON|QC
Silphium laciniatum,ON
Silphium perfoliatum,ON
Silphium terebinthinaceum,ON
Sisymbrium linifolium,BC
Sisymbrium officinale,NT|YT
Sisyrinchium albidum,ON
Sisyrinchium angustifolium,NS|ON|QC
Sisyrinchium atlanticum,NS
Sisyrinchium californicum,BC
Sisyrinchium campestre,MB
Sisyrinchium fuscatum,NS
Sisyrinchium idahoense,BC
Sisyrinchium littorale,BC
Sisyrinchium montanum,AB|BC|MB|NB|NS|NT|ON|PE|PM|QC|SK|YT
Sisyrinchium mucronatum,MB|ON|QC|SK
Sisyrinchium septentrionale,AB|BC|MB|NT|SK
Sitobolium punctilobulum,NB|NS|ON|PE|QC
Sium suave,AB|BC|MB|NB|NS|NT|NU|ON|PE|QC|SK|YT
Smelowskia americana,AB|BC
Smelowskia borealis,NT|YT
Smelowskia media,NT|YT
Smelowskia ovalis,BC
Smelowskia porsildii,YT
Smilax ecirrata,ON
Smilax herbacea,NB|ON|QC
Smilax illinoensis,ON
Smilax lasioneura,MB|ON|SK
Smilax rotundifolia,NS|ON
Smilax tamnoides,ON
Solanum emulans,MB|NS|ON|SK
Solanum triflorum,AB|SK
Solidago altissima,AB|BC|MB|NB|NS|ON|QC|SK
Solidago arguta,ON
Solidago bartramiana,NB|NS|ON|PE|QC
Solidago bartramiana × Solidago bicolor,NS
Solidago bartramiana × Solidago sempervirens,QC
Solidago bellidifolia,BC
Solidago bicolor,NB|NS|ON|PE|QC
Solidago bicolor × Solidago bartramiana,NS
Solidago caesia,ON|QC
Solidago caesia × Solidago flexicaulis,QC
Solidago canadensis,MB|NB|NS|ON|PE|QC|SK
Solidago chlorolepis,QC
Solidago decemflora,AB|BC|MB|ON|SK
Solidago elongata,BC
Solidago fallax,NB|NS|ON|QC
Solidago flexicaulis,NB|NS|ON|PE|QC
Solidago gigantea,AB|BC|MB|NB|NS|ON|PE|QC|SK
Solidago gillmanii,ON
Solidago glutinosa,AB|BC|MB|NT|ON|SK|YT
Solidago hispida,MB|NB|NS|ON|QC|SK
Solidago houghtonii,ON
Solidago jejunifolia,MB
Solidago juncea,MB|NB|NS|ON|PE|QC
Solidago latissimifolia,NS
Solidago lepida,AB|BC|MB|NB|NT|ON|QC|SK|YT
Solidago lepida × Solidago multiradiata,ON
Solidago macrophylla,NB|NS|ON|PE|PM|QC
Solidago missouriensis,AB|BC|MB|ON|SK
Solidago mollis,AB|MB|SK
Solidago multiradiata,AB|BC|MB|NB|NS|NT|NU|ON|QC|SK|YT
Solidago nemoralis,MB|NB|NS|ON|PE|QC
Solidago nemoralis × Solidago uliginosa,ON
Solidago ohioensis,ON
Solidago ontarioensis,ON
Solidago pallida,ON
Solidago patula,ON
Solidago ptarmicoides,MB|ON|QC|SK
Solidago puberula,NB|NS|ON|PE|QC
Solidago racemosa,NB|QC
Solidago randii,QC
Solidago riddellii,MB|ON
Solidago rigida,AB|MB|ON|SK
Solidago rigidiuscula,ON
Solidago rugosa,NB|NS|ON|PE|PM|QC
Solidago sempervirens,NB|NS|PE|QC
Solidago sempervirens × Solidago uliginosa,NS
Solidago squarrosa,NB|ON|QC
Solidago uliginosa,MB|NB|NS|NU|ON|PE|PM|QC
Solidago ulmifolia,NS|ON
Solidago ×asperula,NS|PE|QC
Solidago ×beaudryi,NB|ON|QC
Solidago ×bernardii,MB
Solidago ×calcicola,QC
Solidago ×erskinei,NB|NS|PE|QC
Solidago ×krotkovii,ON
Solidago ×lutescens,MB|ON|SK
Sorbus americana,NB|NS|ON|PE|PM|QC
Sorbus decora,MB|NB|NS|ON|PM|QC|SK
Sorbus scopulina,AB|BC|NT|SK|YT
Sorbus sitchensis,AB|BC|YT
Sorghastrum nutans,MB|ON|QC|SK
Sparganium acaule,MB|NB|NS|NU|ON|PE|PM|QC
Sparganium americanum,NB|NS|ON|PE|PM|QC
Sparganium androcladum,NS|ON|QC
Sparganium angustifolium,AB|BC|MB|NB|NS|NT|ON|PE|PM|QC|SK|YT
Sparganium emersum,AB|BC|NB|NS|ON|PE|QC|SK
Sparganium eurycarpum,AB|BC|MB|NB|NS|NT|ON|PE|PM|QC|SK
Sparganium fluctuans,AB|BC|NB|NS|ON|PE|QC|SK
Sparganium glomeratum,AB|ON|QC
Sparganium hyperboreum,AB|BC|MB|NS|NT|NU|ON|PM|QC|SK|YT
Sparganium natans,AB|BC|MB|NB|NS|NT|NU|ON|PE|PM|QC|SK|YT
Spergularia canadensis,BC|NB|NS|NU|ON|PE|PM|QC|SK
Spergularia macrotheca,BC
Spergularia salina,AB|BC|MB|NB|NS|NT|ON|PE|PM|QC|SK
Sphaeralcea coccinea,AB|BC|MB|SK
Sphaeralcea munroana,BC
Sphenopholis intermedia,AB|BC|MB|NB|NS|NT|ON|PE|QC|SK|YT
Sphenopholis nitida,ON
Sphenopholis obtusata,AB|BC|MB|NB|ON|SK
Spinulum annotinum,AB|BC|MB|NB|NS|NT|NU|ON|PE|PM|QC|SK|YT
Spiraea alba,AB|MB|NB|NS|ON|PE|PM|QC|SK
Spiraea douglasii,BC
Spiraea lucida,AB|BC|SK
Spiraea splendens,AB|BC
Spiraea stevenii,BC|NT|YT
Spiraea tomentosa,NB|NS|ON|PE|QC
Spiraea ×pyramidata,BC
Spiranthes arcisepala,NB|NS|QC
Spiranthes casei,NB|NS|ON|QC
Spiranthes cernua,NB|NS|PE
Spiranthes diluvialis,BC
Spiranthes incurva,NB|ON|QC
Spiranthes lacera,AB|MB|NB|NS|ON|PE|QC|SK
Spiranthes lucida,NB|NS|ON|QC
Spiranthes magnicamporum,MB|ON
Spiranthes ochroleuca,NB|NS|ON|PE
Spiranthes ovalis,ON
Spiranthes romanzoffiana,AB|BC|MB|NB|NS|NT|NU|ON|PE|PM|QC|SK|YT
Spiranthes ×borealis,NS
Spiranthes ×simpsonii,NB|ON
Spirodela polyrhiza,AB|BC|MB|NB|NS|ON|PE|QC|SK
Sporobolus airoides,BC
Sporobolus alterniflorus,NB|NS|PE|QC
Sporobolus compositus,BC|NB|ON|QC
Sporobolus cryptandrus,AB|BC|MB|ON|QC|SK
Sporobolus heterolepis,MB|ON|QC|SK
Sporobolus hookerianus,AB|BC|MB|NT|SK
Sporobolus michauxianus,AB|MB|NB|NS|NT|ON|PE|PM|QC|SK
Sporobolus neglectus,AB|MB|ON|QC|SK
Sporobolus pumilus,NB|NS|PE|QC
Sporobolus rigidus,AB|BC|MB|ON|SK
Sporobolus vaginiflorus,NB|NS|ON|QC
Sporobolus ×eatonianus,NB|NS|PE|QC
Stachys chamissonis,BC
Stachys hispida,MB|NB|ON|QC
Stachys mexicana,BC
Stachys pilosa,AB|BC|MB|NB|NT|ON|QC|SK
Staphylea trifolia,ON|QC
Stellaria alaskana,YT
Stellaria alsine,MB|NB|NS|PE|PM|QC
Stellaria americana,AB
Stellaria borealis,AB|BC|MB|NB|NS|NT|NU|ON|PE|PM|QC|SK|YT
Stellaria calycantha,AB|BC|NT|SK|YT
Stellaria crassifolia,AB|BC|MB|NB|NS|NT|NU|ON|PE|QC|SK|YT
Stellaria crispa,AB|BC
Stellaria dicranoides,YT
Stellaria humifusa,BC|MB|NB|NS|NT|NU|ON|PE|PM|QC|YT
Stellaria longifolia,AB|BC|MB|NB|NS|NT|NU|ON|PM|QC|SK|YT
Stellaria longipes,AB|BC|MB|NB|NT|NU|ON|QC|SK|YT
Stellaria nitens,BC
Stellaria obtusa,AB|BC
Stellaria umbellata,AB|BC|NT|YT
Stenotus armerioides,SK
Stephanomeria runcinata,AB|SK
Stephanomeria tenuifolia,BC|SK
Streptopus amplexifolius,AB|BC|MB|NB|NS|NT|ON|PE|PM|QC|SK|YT
Streptopus lanceolatus,AB|BC|MB|NB|NS|ON|PE|PM|QC
Streptopus streptopoides,AB|BC
Streptopus ×oreopolus,NB|ON|QC
Strophostyles helvola,ON|QC
Strophostyles leiosperma,ON
Struthiopteris spicant,BC
Stuckenia filiformis,AB|BC|MB|NB|NS|NT|NU|ON|PE|QC|SK|YT
Stuckenia pectinata,AB|BC|MB|NB|NS|NT|NU|ON|PE|PM|QC|SK|YT
Stuckenia vaginata,AB|BC|MB|NT|NU|ON|QC|SK|YT
Stuckenia ×suecica,AB
Stylophorum diphyllum,ON
Suaeda calceoliformis,AB|BC|MB|NB|NS|NT|NU|ON|PE|QC|SK|YT
Suaeda maritima,MB|NB|NS|ON|PE|QC
Suaeda nigra,AB|SK
Suaeda rolandii,NB|NS|QC
Subularia aquatica,BC|MB|NB|NS|NT|NU|ON|QC|SK|YT
Suckleya suckleyana,AB|SK
Suksdorfia ranunculifolia,AB|BC
Suksdorfia violacea,AB|BC
Swertia perennis,BC|YT
Symphoricarpos albus,AB|BC|MB|NT|ON|QC|SK
Symphoricarpos mollis,BC
Symphoricarpos occidentalis,AB|BC|MB|NT|SK
Symphoricarpos rotundifolius,BC
Symphyotrichum anticostense,NB|QC
Symphyotrichum anticostense × Symphyotrichum novi-belgii var. novi-belgii,QC
Symphyotrichum ascendens,AB|BC|SK
Symphyotrichum boreale,AB|BC|MB|NB|NS|NT|NU|ON|PE|QC|SK|YT
Symphyotrichum bracteolatum,AB|BC|SK
Symphyotrichum campestre,AB|BC
Symphyotrichum chilense,BC
Symphyotrichum ciliatum,AB|BC|MB|NT|NU|ON|SK|YT
Symphyotrichum ciliolatum,AB|BC|MB|NB|NS|NT|ON|QC|SK|YT
Symphyotrichum ciliolatum × Symphyotrichum laeve,AB|MB|ON|SK
Symphyotrichum ciliolatum × Symphyotrichum lanceolatum subsp. lanceolatum var. lanceolatum,ON|QC
Symphyotrichum cordifolium,MB|NB|NS|ON|PE|QC
Symphyotrichum cordifolium × Symphyotrichum lanceolatum subsp. lanceolatum,NB|ON|QC
Symphyotrichum cordifolium × Symphyotrichum novi-belgii var. novi-belgii,QC
Symphyotrichum cordifolium × Symphyotrichum ontarionis,QC
Symphyotrichum cordifolium × Symphyotrichum pilosum var. pilosum,QC
Symphyotrichum cusickii,AB|BC
Symphyotrichum dumosum,ON
Symphyotrichum ericoides,AB|BC|MB|NT|ON|SK
Symphyotrichum falcatum,AB|BC|MB|NT|SK|YT
Symphyotrichum firmum,AB|MB|ON|QC|SK
Symphyotrichum foliaceum,AB|BC|YT
Symphyotrichum frondosum,BC
Symphyotrichum hendersonii,BC
Symphyotrichum laeve,AB|BC|MB|ON|SK
Symphyotrichum laeve var. laeve × Symphyotrichum lanceolatum subsp. lanceolatum var. lanceolatum,ON
Symphyotrichum laeve var. laeve × Symphyotrichum lateriflorum,ON
Symphyotrichum lanceolatum,AB|MB|NB|NS|NT|ON|PE|QC|SK
Symphyotrichum lanceolatum subsp. lanceolatum var. lanceolatum × Symphyotrichum novi-belgii var. novi-belgii,NB
Symphyotrichum lanceolatum subsp. lanceolatum var. lanceolatum × Symphyotrichum puniceum var. puniceum,QC
Symphyotrichum lanceolatum subsp. lanceolatum × Symphyotrichum lateriflorum,ON
Symphyotrichum lanceolatum var. lanceolatum × Symphyotrichum pilosum var. pilosum,ON
Symphyotrichum lateriflorum,MB|NB|NS|ON|PE|QC
Symphyotrichum lateriflorum × Symphyotrichum novi-belgii var. novi-belgii,NB
Symphyotrichum lateriflorum × Symphyotrichum puniceum var. puniceum,QC
Symphyotrichum lateriflorum × Symphyotrichum urophyllum,ON
Symphyotrichum laurentianum,NB|PE|QC
Symphyotrichum nahanniense,NT
Symphyotrichum novae-angliae,MB|NB|NS|ON|QC
Symphyotrichum novi-belgii,NB|NS|PE|PM|QC
Symphyotrichum ontarionis,ON|QC
Symphyotrichum oolantengiense × Symphyotrichum pilosum var. pilosum,ON
Symphyotrichum oolentangiense,ON
Symphyotrichum pilosum,NS|ON|QC
Symphyotrichum praealtum,ON
Symphyotrichum prenanthoides,ON
Symphyotrichum puniceum,AB|BC|MB|NB|NS|NT|ON|PE|PM|QC|SK
Symphyotrichum puniceum var. puniceum × Symphyotrichum urophyllum,ON
Symphyotrichum pygmaeum,NT|NU
Symphyotrichum racemosum,NB|QC
Symphyotrichum robynsianum,MB|ON|QC
Symphyotrichum sericeum,MB|ON
Symphyotrichum shortii,ON
Symphyotrichum spathulatum,AB|BC|NT
Symphyotrichum subspicatum,AB|BC|YT
Symphyotrichum subulatum,NB|QC
Symphyotrichum tradescantii,NB|NS|QC
Symphyotrichum undulatum,NS
Symphyotrichum urophyllum,ON
Symphyotrichum yukonense,NT|YT
Symphyotrichum ×amethystinum,ON
Symphyotrichum ×columbianum,BC
Symphyotrichum ×saramooreae,NB|QC
Symphyotrichum ×subgeminatum,QC
Symphyotrichum ×tardiflorum,NB|PE|QC
Symplocarpus foetidus,NB|NS|ON|QC
Taenidia integerrima,ON|QC
Tanacetum bipinnatum,AB|BC|MB|NB|NT|NU|ON|QC|SK|YT
Tanacetum huronense,SK
Taraxacum alaskanum,BC|YT
Taraxacum carneocoloratum,YT
Taraxacum ceratophorum,AB|BC|MB|NT|NU|ON|QC|SK|YT
Taraxacum holmenianum,NT|NU
Taraxacum hyparcticum,BC|NT|NU|YT
Taraxacum lapponicum,NT|NU|ON|QC
Taraxacum latilobum,QC
Taraxacum laurentianum,QC
Taraxacum phymatocarpum,NT|NU|QC
Taraxacum scopulorum,AB|BC|NT|NU
Taraxia breviflora,AB|BC|SK
Taxus brevifolia,AB|BC
Taxus canadensis,MB|NB|NS|ON|PE|PM|QC
Telesonix heucheriformis,AB
Tellima grandiflora,AB|BC
Tephroseris frigida,BC|NT|NU|YT
Tephroseris kjellmanii,NT|YT
Tephroseris lindstroemii,BC|NT|YT
Tephroseris newcombei,BC
Tephroseris palustris,AB|BC|MB|NT|NU|ON|QC|SK|YT
Tephroseris yukonensis,BC|NT|YT
Tephrosia virginiana,ON
Tetradymia canescens,BC
Tetraneuris acaulis,AB|SK
Tetraneuris herbacea,ON
Teucrium canadense,BC|MB|NB|NS|ON|PE|QC|SK
Thalictrum alpinum,BC|NT|QC|YT
Thalictrum amphibolum,MB|ON|QC
Thalictrum confine,NB|ON|PE|QC
Thalictrum dasycarpum,AB|BC|MB|ON|QC|SK
Thalictrum dioicum,ON|QC
Thalictrum occidentale,AB|BC|SK|YT
Thalictrum pubescens,NB|NS|ON|PE|PM|QC
Thalictrum sparsiflorum,AB|BC|MB|NT|ON|SK|YT
Thalictrum thalictroides,ON
Thalictrum venulosum,AB|BC|MB|NT|NU|ON|QC|SK
Thaspium chapmanii,ON
Thaspium trifoliatum,ON
Thelesperma subnudum,AB
Thelypodium laciniatum,BC
Thelypodium milleflorum,BC
Thelypteris palustris,MB|NB|NS|ON|PE|PM|QC|SK
Thermopsis rhombifolia,AB|BC|MB|SK
Thuja occidentalis,MB|NB|NS|ON|PE|QC
Thuja plicata,AB|BC
Thysanocarpus curvipes,BC
Tiarella stolonifera,NB|NS|ON|QC
Tiarella trifoliata,AB|BC
Tilia americana,MB|NB|ON|QC
Tipularia discolor,ON
Tofieldia coccinea,BC|NT|NU|QC|YT
Tofieldia pusilla,AB|BC|MB|NT|NU|ON|QC|SK|YT
Tolmiea menziesii,BC
Tomostima reptans,AB|BC|MB|ON|SK
Tonella tenella,BC
Tonestus lyallii,AB|BC
Torreyochloa pallida,AB|BC|MB|NB|NS|ON|PE|QC|SK|YT
Townsendia condensata,AB
Townsendia exscapa,AB|MB|SK
Townsendia hookeri,AB|BC|SK|YT
Townsendia parryi,AB|BC
Toxicodendron diversilobum,BC
Toxicodendron radicans,AB|BC|MB|NB|NS|ON|PE|QC|SK|YT
Toxicodendron vernix,NS|ON|QC
Toxicoscordion venenosum,AB|BC|SK
Tradescantia occidentalis,AB|MB|SK
Tradescantia ohiensis,ON
Tragopogon ×neohybridus,ON
Trautvetteria caroliniensis,BC
Triantha glutinosa,AB|BC|MB|NB|NS|NT|NU|ON|PM|QC|SK|YT
Triantha occidentalis,AB|BC
Trichophorum alpinum,AB|BC|MB|NB|NS|NT|NU|ON|PM|QC|SK|YT
Trichophorum cespitosum,AB|BC|MB|NB|NS|NT|NU|ON|PE|PM|QC|SK|YT
Trichophorum clintonii,AB|NB|ON|QC|SK
Trichophorum planifolium,ON
Trichophorum pumilum,AB|BC|NT|QC|SK|YT
Trichostema brachiatum,ON|QC
Trichostema dichotomum,ON|QC
Trichostema oblongum,BC
Trifolium cyathiferum,BC
Trifolium depauperatum,BC
Trifolium dichotomum,BC
Trifolium microcephalum,BC
Trifolium microdon,BC
Trifolium oliganthum,BC
Trifolium variegatum,BC
Trifolium willdenovii,BC
Trifolium wormskioldii,BC
Triglochin gaspensis,NB|NS|PE|QC
Triglochin maritima,AB|BC|MB|NB|NS|NT|NU|ON|PE|PM|QC|SK|YT
Triglochin palustris,AB|BC|MB|NB|NS|NT|NU|ON|PE|PM|QC|SK|YT
Triglochin scilloides,AB|BC|SK
Trillidium undulatum,NB|NS|ON|PE|QC
Trillium cernuum,MB|NB|NS|ON|PE|PM|QC|SK
Trillium erectum,NB|NS|ON|QC
Trillium flexipes,ON
Trillium grandiflorum,NS|ON|QC
Trillium hibbersonii,BC
Trillium ovatum,AB|BC
Triodanis perfoliata,BC|ON|QC
Triosteum angustifolium,ON
Triosteum aurantiacum,NB|NS|ON|QC
Triosteum perfoliatum,ON
Triphora trianthophoros,ON
Triphysaria pusilla,BC
Triphysaria versicolor,BC
Triplasis purpurea,ON
Tripleurospermum maritimum,MB|NT|NU|ON|QC|YT
Tripterocalyx micranthus,AB|SK
Trisetum cernuum,AB|BC
Triteleia grandiflora,BC
Triteleia hyacinthina,BC
Trollius albiflorus,AB|BC
Tsuga canadensis,NB|NS|ON|PE|QC
Tsuga heterophylla,AB|BC
Tsuga mertensiana,BC
Tsuga ×jeffreyi,BC
Turritis glabra,AB|BC|MB|NB|NS|ON|QC|SK
Typha latifolia,AB|BC|MB|NB|NS|NT|NU|ON|PE|QC|SK|YT
Typha ×glauca,MB|NB|ON|QC|SK
Ulmus americana,MB|NB|NS|ON|PE|QC|SK
Ulmus rubra,NB|ON|QC
Ulmus thomasii,ON|QC
Uropappus lindleyi,BC
Urtica gracilis,AB|BC|MB|NB|NS|NT|ON|PE|PM|QC|SK|YT
Utricularia cornuta,AB|MB|NB|NS|ON|PE|PM|QC|SK
Utricularia geminiscapa,NB|NS|ON|PE|QC
Utricularia gibba,BC|NB|NS|ON|QC
Utricularia intermedia,AB|BC|MB|NB|NS|NT|NU|ON|PM|QC|SK|YT
Utricularia minor,AB|BC|MB|NB|NS|NT|NU|ON|PE|PM|QC|SK|YT
Utricularia ochroleuca,AB|BC|MB|NS|NT|NU|ON|QC
Utricularia purpurea,NB|NS|ON|QC
Utricularia radiata,NB|NS|QC
Utricularia resupinata,NS|ON|QC
Utricularia subulata,NS
Utricularia vulgaris,AB|BC|MB|NB|NS|NT|NU|ON|PM|QC|SK|YT
Uvularia grandiflora,ON|QC
Uvularia perfoliata,MB|ON
Uvularia sessilifolia,MB|NB|NS|ON|QC
Vaccinium angustifolium,MB|NB|NS|ON|PE|PM|QC
Vaccinium boreale,NB|NS|QC
Vaccinium cespitosum,AB|BC|MB|NB|NS|NT|NU|ON|QC|SK|YT
Vaccinium corymbosum,NB|NS|ON|QC
Vaccinium deliciosum,BC
Vaccinium macrocarpon,NB|NS|ON|PE|PM|QC
Vaccinium membranaceum,AB|BC|NT|ON|YT
Vaccinium microcarpum,AB|BC|MB|NT|NU|ON|QC|SK|YT
Vaccinium myrtilloides,AB|BC|MB|NB|NS|NT|ON|PE|QC|SK
Vaccinium myrtillus,AB|BC
Vaccinium ovalifolium,AB|BC|NS|NT|ON|QC|YT
Vaccinium ovatum,BC
Vaccinium oxycoccos,AB|BC|MB|NB|NS|NT|NU|ON|PE|PM|QC|SK|YT
Vaccinium pallidum,ON
Vaccinium parvifolium,BC
Vaccinium scoparium,AB|BC
Vaccinium stamineum,ON
Vaccinium uliginosum,AB|BC|MB|NB|NS|NT|NU|ON|PE|PM|QC|SK|YT
Vaccinium vitis-idaea,AB|BC|MB|NB|NS|NT|NU|ON|PE|PM|QC|SK|YT
Vaccinium ×nubigenum,QC
Vahlodea atropurpurea,AB|BC|MB|NT|NU|ON|QC|YT
Valeriana capitata,NT|YT
Valeriana edulis,BC|ON
Valeriana scouleri,BC
Valeriana septentrionalis,AB|BC|MB|NB|NT|NU|ON|QC|SK|YT
Valeriana sitchensis,AB|BC|NT|YT
Valeriana uliginosa,NB|ON|QC
Valerianella chenopodiifolia,ON
Valerianella umbilicata,ON
Vallisneria americana,MB|NB|NS|ON|PE|QC
Veratrum viride,AB|BC|NB|NT|QC|YT
Verbena bracteata,AB|BC|MB|SK
Verbena hastata,BC|MB|NB|NS|ON|PE|QC|SK
Verbena simplex,ON|QC
Verbena stricta,ON|QC
Verbena urticifolia,MB|NB|ON|QC|SK
Verbena ×deamii,ON
Verbena ×engelmannii,ON
Verbena ×rydbergii,ON
Verbesina alternifolia,ON
Vernonia fasciculata,MB
Vernonia gigantea,ON
Vernonia missurica,ON
Veronica alaskensis,NT|YT
Veronica alpina,NU|QC
Veronica americana,AB|BC|MB|NB|NS|NT|ON|PE|QC|SK|YT
Veronica catenata,AB|BC|MB|ON|QC|SK
Veronica cusickii,BC
Veronica peregrina,AB|BC|MB|NB|NS|NT|ON|QC|SK
Veronica scutellata,AB|BC|MB|NB|NS|NT|NU|ON|PE|QC|SK|YT
Veronica serpyllifolia,AB|BC|NB|NS|ON|PM|QC|SK
Veronica wormskjoldii,AB|BC|NT|NU|ON|QC|YT
Veronica wyomingensis,AB|BC|SK
Veronicastrum virginicum,MB|ON
Viburnum acerifolium,NB|ON|QC
Viburnum cassinoides,NB|NS|ON|PE|PM|QC
Viburnum dentatum,NB|NS|ON|QC
Viburnum edule,AB|BC|MB|NB|NS|NT|NU|ON|PM|QC|SK|YT
Viburnum lantanoides,NB|NS|ON|PE|QC
Viburnum lentago,MB|NB|ON|QC|SK
Viburnum opulus,AB|BC|MB|NB|NS|ON|PE|PM|QC|SK
Viburnum rafinesqueanum,MB|ON|QC
Vicia americana,AB|BC|MB|NT|ON|QC|SK|YT
Vicia caroliniana,ON
Vicia nigricans,BC
Viola adunca × Viola labradorica,ON
Viola aduncoides,AB|BC|MB|ON|SK
Viola affinis,ON|QC
Viola baxteri,ON
Viola biflora,BC|YT
Viola biflora var. carlottae × Viola glabella,BC
Viola canadensis,NB|NS|ON|QC
Viola communis,NB|NS|ON|QC
Viola cucullata,NB|NS|ON|PE|PM|QC
Viola eriocarpa,MB|NB|NS|ON|PE|QC|SK
Viola fimbriatula,NB|NS|ON|PE|QC
Viola glabella,AB|BC
Viola grisea,MB|ON
Viola howellii,BC
Viola incognita,MB|NB|NS|ON|PE|QC|SK
Viola labradorica,AB|MB|NB|NS|NT|ON|PM|QC|SK
Viola lanceolata,NB|NS|ON|PE|PM|QC
Viola langsdorffii,BC|YT
Viola latiuscula,ON
Viola minuscula,AB|MB|NB|NS|NT|NU|ON|PE|PM|QC|SK
Viola nephrophylla,AB|BC|MB|NB|NS|NT|NU|ON|PE|QC|SK|YT
Viola novae-angliae,NB|QC
Viola nuttallii,AB|MB|SK
Viola orbiculata,AB|BC
Viola palmata,ON
Viola palustris,AB|BC|MB|NT|NU|ON|QC|SK
Viola pedata,ON
Viola pedatifida,AB|MB|ON|SK
Viola praemorsa,AB|BC
Viola pubescens,ON|QC
Viola purpurea,BC
Viola rafinesquei,ON
Viola renifolia,AB|BC|MB|NB|NS|NT|NU|ON|PE|QC|SK|YT
Viola rostrata,ON|QC
Viola rotundifolia,ON|QC
Viola rugulosa,AB|BC|MB|NT|ON|SK|YT
Viola sagittata,NS|ON|QC
Viola sagittata × Viola sororia,NS
Viola selkirkii,AB|BC|MB|NB|NS|ON|QC|SK|YT
Viola sempervirens,BC
Viola septentrionalis,BC|MB|NB|NS|ON|PE|QC|SK
Viola sororia,MB|ON|SK
Viola striata,ON
Viola suecica,AB|BC|MB|NT|NU|ON|YT
Viola vallicola,AB|BC|MB|SK
Viola ×bernardii,MB
Viola ×brauniae,ON
Viola ×eclipes,ON
Viola ×malteana,ON|QC
Viola ×melissifolia,NB|NS|ON|PE|QC
Viola ×populifolia,ON
Viola ×porteriana,ON
Viola ×sublanceolata,NB|NS|ON|QC
Viscaria alpina,NU|QC
Vitis aestivalis,ON
Vitis labrusca,ON
Vitis riparia,MB|NB|ON|QC
Vitis vulpina,ON
Vitis ×novae-angliae,ON
Vulpia microstachys,BC
Vulpia octoflora,AB|BC|MB|ON|SK
Wilhelmsia physodes,NT|YT
Wolffia borealis,AB|BC|ON|QC
Wolffia brasiliensis,NB|ON
Wolffia columbiana,AB|BC|MB|NB|ON|QC|SK
Woodsia alpina,BC|MB|NB|NS|NT|NU|ON|QC|SK|YT
Woodsia glabella,AB|BC|MB|NB|NS|NT|NU|ON|QC|SK|YT
Woodsia ilvensis,AB|BC|MB|NB|NS|NT|NU|ON|QC|SK|YT
Woodsia ×gracilis,NB|ON|QC
Woodsia ×tryonis,ON
Woodwardia fimbriata,BC
Xanthisma grindelioides,AB|SK
Xanthisma spinulosum,AB|MB|SK
Xanthium chinense,MB|ON|QC
Xanthium orientale,AB|BC|MB|NB|NS|ON|PE|QC|SK
Xerophyllum tenax,AB|BC
Xyris difformis,NS|ON
Xyris montana,NB|NS|ON|PM|QC
Yabea microcarpa,BC
Yucca glauca,AB
Zannichellia palustris,AB|BC|MB|NB|NS|NT|NU|ON|PE|QC|SK|YT
Zanthoxylum americanum,ON|QC
Zeltnera exaltata,BC
Zeltnera muehlenbergii,BC
Zizania aquatica,MB|NB|ON|QC
Zizania palustris,AB|MB|NB|NS|ON|QC|SK
Zizia aptera,AB|BC|MB|ON|SK|YT
Zizia aurea,MB|NB|NS|ON|QC
Zostera marina,BC|MB|NB|NS|NT|NU|ON|PE|PM|QC
×Arctodupontia scleroclada,NU
×Dryostichum singulare,ON
×Duarctopoa labradorica,QC
×Elyhordeum chatangense,NT|YT
×Elyhordeum macounii,AB|BC|MB|NT|ON|SK|YT
×Elyhordeum montanense,QC|SK
×Elyhordeum schaackianum,BC
×Elyleymus jamesensis,QC
×Elyleymus ontariensis,AB|BC|ON|SK|YT
×Elyleymus turneri,AB|SK
×Elyleymus uclueletensis,BC
×Elyleymus ungavensis,QC
×Leydeum dutillyanum,QC
×Leydeum littorale,BC
×Pascoleymus bowdenii,AB
×Pucciphippsia vacillans,NT|NU
×Sorbaronia arsenii,NB|NS|PE|PM|QC
×Sorbaronia jackii,NB
×Woodsimatium abbeae,ON|SK
